0.13026854374324462,0.046085142242960835,0.020106050390866093,0.003921296953811923,0.0008423661158531385,0.0007633277432780236,0.00015990208151357623,8.49439680656665e-05,3.756181940511025e-05,2.4016568364388724e-05,2.4836321340954365e-05,2.1165918397147683e-05,4.736934635209025e-05,6.484503230224314e-05,5.451185374939012e-05,2.4966411510323394e-05,9.203027612468811e-05,9.955784004979905e-05,5.3540800833358645e-05,1.694129457970473e-05,8.01628853773018e-05,3.1189364789746034e-05,4.818990304694616e-05,2.7147572561623482e-05,2.2825489024549126e-05,2.0517384459524282e-05,3.1483918120985607e-05,2.4638121708335796e-05,3.8230706171250156e-05,2.573441749275957e-05,0.0002120626507188376,0.00016915221806139847,0.00017078118539777185,6.150310214163854e-05,6.484058930090368e-05,1.7992157189485915e-05,2.83381484575023e-05,4.086568045729875e-05,7.955508011612373e-05,3.353781931439534e-05,0.00017562352854966603,0.00022173421582708224,0.00011079866779551621,9.871295229753568e-05,0.0002619465024329458,8.763692204549799e-05,6.109510481040357e-05,7.359159736781669e-05,6.736772930460849e-05,9.443564438886922e-05,0.00027931455571048296,0.00011296569509572905,3.643904327318742e-05,7.202455318128156e-05,8.710480337225084e-05,6.77558576345167e-05,6.652274469262837e-05,4.946816282971932e-05,1.1983889253696528e-05,9.066816083829615e-05,0.0002584927032412603,0.00018274951488957266,3.482865613759173e-05,0.00011613312765052278,0.00015424960232761483,0.0001774183390994893,0.00017456973019755462,4.7446135289439326e-05,9.689146193828514e-05,0.00012951447917193776,9.51730594566288e-05,4.248435516589926e-05,2.8662691534683078e-05,2.5532219974239764e-05,6.206053320851864e-05,7.616645211184163e-05,0.00016743172342732434,0.0001935240971279559,0.00010874226736683765,4.626664465465311e-05,6.0798444835304805e-05,0.00018703555235356252,0.0001073926297401463,0.00023100326264717714,0.00014897339344797315,0.00020063096502807441,0.00018561650112896297,0.0001939857608146073,0.00011966323451402126,8.175296815599834e-05,8.322232536312922e-05,8.204879532421223e-06,7.532733191140811e-05,5.102754969074966e-05,7.77934854767038e-05,0.00016992454805563745,5.561769585619991e-05,6.335238558594081e-05,0.00022467011217865065,0.00010964781181813685
0.2732834387246229,0.09370564545522188,0.028222944419427517,0.009398202022091144,0.0029760267925879116,0.001080450961041434,0.0004562929498025613,0.000299577587206433,9.045923442601092e-05,2.3746002311792846e-05,3.327297518199748e-05,3.3085770983088216e-05,2.2176487695162276e-05,1.570804762639959e-05,1.0598820502793213e-05,2.6522333647040187e-05,2.624616568562381e-05,4.31055201562051e-05,5.686046690348478e-05,1.0647839371245383e-05,3.176660184462678e-05,2.1586015697690197e-05,1.8960874381859717e-05,2.2920354502174094e-05,1.3190656874652112e-05,3.1411363516707256e-05,0.00010117359334404293,0.00012944865798626129,8.109191570057194e-05,5.434241498031983e-05,1.5101219912715808e-05,9.639773042621324e-06,1.718026687770938e-05,5.242687310637935e-05,3.309952340318015e-05,5.458085731228175e-05,6.729478333221146e-05,0.00011587270465873993,8.065309658144854e-05,2.2392658887866127e-05,4.0413350414281136e-05,5.472429686490053e-05,5.4235929920849334e-05,4.7270842857851086e-05,3.286982091822428e-05,3.5771262754088215e-05,2.2697398141136287e-05,2.4937437734323014e-05,1.9410433183259532e-05,5.684029764371648e-05,5.011955273991758e-05,3.3303876202144846e-05,1.5686259647138315e-05,4.508118124212004e-05,7.436723703837779e-05,4.6940366883211184e-05,6.648955685448666e-05,0.0001103491119866253,0.00010906904496039722,2.3021572455865285e-05,1.0684873661087548e-05,2.890378915706461e-05,2.6145268995115883e-05,6.4278554480975e-05,6.187521277573353e-05,4.894452505991502e-05,2.9405629561566216e-05,1.4353951427186536e-05,3.030242557623664e-05,9.703027647451777e-06,4.239805394473423e-05,8.965920694725064e-05,0.00011334136409115532,8.521058488162529e-05,5.4208477773138794e-05,0.0001493520101804155,3.586199135755734e-05,2.4627896194712997e-05,9.543646945209695e-05,0.00018000952062018245,1.313318816275244e-05,7.609052009635705e-05,5.2159322664097237e-05,9.662987879822688e-05,5.444379456334388e-05,0.00011440234667920183,6.621157528782437e-05,2.4143644786612573e-05,8.382511228472713e-05,0.00014229799429939715,0.00012229211811254056,0.00012018320651478558,0.00012815056576994483,3.9831825005357696e-05,9.825867717685056e-05,0.0001524585217699886,0.00012778331483490144,4.2840846073705606e-05,3.679614783318641e-05,4.8410979662142674e-05
0.4530118336362625,0.23606357837340786,0.10107665450746622,0.03006798046293644,0.005993983816307176,0.0023730170517289283,0.00123043369743209,0.0003063518979745854,0.00010837109350970238,7.47034567599419e-05,2.858863074640299e-05,5.4563039653932575e-06,6.422274271498485e-06,4.470004997344829e-05,3.6651506682091424e-05,5.962770390305892e-06,1.334754210942043e-05,1.8132410310468133e-05,3.588510514651415e-05,6.519045338639062e-06,1.8008536451240113e-05,5.053034071451044e-06,7.918220731661669e-06,3.440938889121394e-05,1.938144455338115e-05,2.328916618502268e-05,3.044250801465182e-05,8.122673195296492e-06,2.681934038715919e-05,9.309945890578688e-06,5.160274700746509e-06,3.5563934429116506e-05,4.861192009962068e-05,2.805563931305489e-05,2.627759097249241e-05,8.931971878309818e-06,3.613671411091925e-05,3.5454591857176634e-05,2.337821079019596e-05,3.3162665025712116e-05,1.3871029510321639e-05,3.625658143002308e-05,1.340205473997734e-05,2.3485273016910467e-05,1.3518120275724617e-05,5.025886945165181e-05,3.654494975330498e-05,6.173601967505125e-05,3.130742137172457e-05,1.0758515561553011e-05,0.00012036021704015486,7.952805344906087e-05,1.806472291906872e-05,1.6931709102706e-05,5.053691358129558e-05,4.266239788014523e-05,4.4105928140274176e-05,1.5284595598978948e-05,1.577075886508917e-05,3.205708963139849e-05,4.1479711653538264e-05,2.498987993263728e-06,1.724899503487956e-05,4.102735391542508e-05,4.9997674062602314e-05,1.451950484489793e-05,2.3872222959828745e-05,4.212132451100921e-05,2.885164811863546e-05,2.8479833005057385e-05,1.919584214824378e-05,3.370333120002265e-05,3.409393937802525e-06,1.6735983543906077e-05,1.20987519751706e-05,7.517115637135138e-05,0.00011400270389856572,4.226972547737652e-05,6.464210952939332e-06,4.0962700995241094e-05,6.062875969749053e-05,5.513253016110409e-05,5.996393703722701e-06,7.191384504151794e-05,4.889480651760277e-05,4.811602847906271e-05,5.646619246755299e-05,0.00010450449118003182,0.0001622697932557246,0.00014361132283692134,6.20436219725734e-05,7.154632412686881e-05,4.4327517806987213e-05,1.411791437017757e-05,2.9019983121620572e-05,3.573613536547336e-05,3.9014239294865366e-05,3.408349637452164e-05,4.769128428435505e-05,1.7012319928219475e-05
0.7526788552559373,0.440492540987251,0.28895969100063557,0.1951340424762883,0.13324983787427397,0.0914332919750058,0.06325439071672788,0.044703836548238965,0.03239242803526321,0.0238730866275153,0.017800176655772413,0.013320588889700412,0.010030482377326691,0.007508315406070401,0.005681027260365406,0.004302946764300026,0.0032293844880877777,0.002402347747483968,0.00178521931374324,0.0013203766417297438,0.0009481114559639799,0.0006865168903012978,0.00047999294072142247,0.000323940262635841,0.00022467254355420033,0.00015814259182218978,0.00017155823039043854,6.356953476399424e-05,5.739946341435829e-05,2.4441043455045814e-05,1.9523999374887935e-05,1.2391793380350617e-05,1.1074098218849743e-05,7.60454485515484e-06,4.241201853313024e-06,1.5291775388731263e-05,2.7827161469312005e-06,8.934748731697457e-06,6.19789063419085e-06,9.099811597321076e-06,5.909061705120736e-06,4.6902252900973525e-06,7.0686426751399335e-06,8.172559181656358e-06,2.711934525880151e-06,1.0640660064465887e-05,7.920041935908432e-06,2.8765872442031393e-06,8.68223642638724e-06,1.1979332311272644e-05,2.3474199669905283e-06,1.3849560942029936e-05,3.244188406893462e-05,3.935784104338528e-06,8.130010500667466e-06,1.3886756900706237e-05,1.9634243624623007e-05,1.4294012796720696e-05,1.123297039547081e-05,2.737623598603363e-06,1.0699388760237842e-05,3.241196067906059e-05,1.7371923507404928e-05,6.424368752928845e-06,5.3573989923351635e-05,2.0100200522030947e-05,2.1073014115611708e-05,1.965820467710131e-05,1.110225218951122e-05,5.208620456960801e-06,2.6103347749274666e-05,7.089615691345454e-06,8.068269134887517e-06,5.986224877217684e-06,2.4726309193258433e-06,6.801220942625054e-06,2.7158112653235698e-05,4.41678093512605e-05,2.2286188018596186e-05,4.931324689314378e-05,1.288562228587422e-06,2.3020344264252014e-05,3.316552994328775e-05,7.751679669966644e-06,2.714585638101722e-05,3.105933680008191e-06,2.0464543010311126e-05,4.223387780491017e-06,6.348303628598596e-06,3.107481347682775e-05,2.2526021207621306e-05,8.257767291986742e-06,1.1482496217542259e-05,1.0825963098603478e-05,6.478979758131858e-06,2.6072148206450615e-06,4.327099340130239e-05,1.4590567642860919e-05,3.3522475303060604e-05,8.529188156703674e-05
0.3020715729901827,0.14577952648719028,0.05675042309195137,0.0172392524488109,0.0041265707702013675,0.0008086993936429476,0.0006274657292078562,0.00019761759506342386,8.432139265805803e-05,2.711492624445479e-05,1.1044398972773531e-05,5.312388292936382e-05,1.6921447189510936e-05,3.09485778007706e-05,2.4177926907535327e-05,2.6008872793735396e-05,2.0570988957465753e-05,1.6591581272922635e-05,2.404957618022262e-05,2.756877675147795e-06,2.195876370156757e-05,6.608290285669443e-05,9.586071916832019e-05,4.728460772943782e-05,2.4931043907405444e-05,7.856230240849658e-05,4.248840688259731e-05,2.000896342814083e-05,1.7990767845703966e-05,5.5140002992748374e-05,4.411436641678715e-05,0.0001223071352256782,5.511943403658094e-05,3.481586781520847e-05,5.342982025574139e-05,0.00021494245203951354,0.00011553338802032715,6.651178725767398e-05,4.9638648354013125e-05,5.414754044174826e-05,6.147944047573198e-05,5.5825003136403695e-05,2.904991262341408e-05,5.66286482341728e-05,7.730898706373446e-05,3.0501867868452503e-05,3.917142693450691e-05,6.0604004611621975e-05,2.331106114000607e-05,4.9406738752530335e-05,0.00012372978821493987,0.00028746141902185837,0.00019698793157097252,4.195602365751963e-05,9.498670486000134e-05,7.036579538515896e-05,8.034572952381734e-05,2.0651245002137938e-05,7.637790561152683e-06,2.046928918867123e-05,4.423086572272899e-05,5.312492411190927e-05,6.60908654549315e-05,0.00012450739523602549,4.0737033448614646e-05,4.6644453587734846e-05,9.531553788715962e-05,0.00016983585038621556,0.0001646759803718258,0.00021534920582862507,5.399464634031864e-05,2.464334271779032e-05,8.640249036996031e-05,4.1261495738527604e-05,0.00012053941469722059,4.8561960461284586e-05,3.644708012324029e-05,9.225009151512956e-05,0.00011999730236650265,4.191262951072378e-05,2.4042834203194747e-05,0.00010940739743052832,0.00011718697675278632,6.775620693278816e-05,7.756756331391348e-05,4.924516025765161e-05,2.9247000914905995e-05,6.227457020858583e-05,7.255864024048467e-05,7.08483957914609e-05,5.815137513552073e-05,1.585288495409298e-05,7.671043062816097e-05,8.599804414310399e-05,0.00017949281212938507,0.00017031213507011844,5.5583934288921943e-05,9.802238838108827e-05,5.501548038994663e-05,3.5410834210464204e-05
0.8790192882553689,0.5505460964168686,0.36569697823410047,0.2479112172087298,0.16724382860230175,0.11138750486210468,0.07428546394048627,0.04984932766924498,0.033260065924538715,0.02176113374077884,0.013898146282541182,0.008642186079386379,0.0052112766132746315,0.0030610024381019438,0.0017173581327414415,0.0009296218251189144,0.0004759444536855161,0.0002277521098630643,0.00010978354851576885,6.393353506704532e-05,2.7145462610906517e-05,1.666961331883406e-05,1.0244783824746718e-05,6.1177684342882425e-06,3.21649751582147e-05,1.3804754365932207e-05,1.652839533217512e-06,3.7156805802514986e-05,9.775665791404275e-06,1.1803286847604326e-05,6.908284904782731e-06,1.261318726103835e-05,1.3279213549724934e-05,7.40361150509844e-06,2.3493113607711428e-05,3.9396424022797045e-06,5.066079563511693e-05,1.9645365217445688e-05,5.231425733329007e-06,5.420540941041512e-06,2.218860205903064e-05,1.1435636942366866e-05,1.3904996608357981e-05,9.566366352868204e-06,1.577324929441916e-06,5.9208048460449025e-05,1.3160664229124193e-05,3.889974277697774e-05,3.811863918868561e-05,1.947494335450238e-05,7.926784652660993e-06,9.310771051623378e-06,1.7232768945195224e-05,3.2834161954493034e-05,7.772168992495744e-06,1.4263569191499172e-05,6.563865403615561e-06,8.137954149371892e-06,1.2505684169909206e-05,1.841616864327951e-05,1.2757282025040325e-05,3.925383628158646e-06,6.905057797333344e-05,3.26502951043528e-05,1.3307354181905104e-05,7.325527166401164e-06,5.162721390536163e-06,4.78659837517127e-05,4.700516448900762e-05,4.332230366380172e-06,1.078745446729491e-05,1.1844591993733443e-05,2.775742302048821e-05,4.1566935583377956e-05,1.318178448446374e-05,9.88745126321211e-06,2.9110457183965975e-06,1.8884560300396727e-05,4.2586772417574185e-05,4.195322528176672e-05,2.756425964065641e-06,2.195031493855003e-05,6.968373309068491e-06,1.986667391143729e-05,7.743927122316903e-06,3.931687102944753e-05,1.9587803001550183e-05,2.7851410930117152e-05,2.2446172765991097e-05,9.57801536508561e-06,2.4280943437410664e-05,1.0271396989519448e-05,9.35550654067958e-06,1.2441786112743285e-05,1.7051058704167527e-05,5.907237445115115e-05,6.383547088390515e-05,1.659513909497859e-05,1.5468414285679582e-05,1.4163813112625062e-05
0.19593483844295234,0.05946995892563775,0.01816641381350038,0.005873849589667265,0.0017798539129686283,0.00020217099155338258,0.00023864136516215696,0.00014854763386540348,0.00010773650276780155,0.0001675354741175637,5.3171384751309666e-05,3.86247320097149e-05,7.556521605379713e-05,6.705051623330971e-05,6.740656073583569e-05,1.1067533858684332e-05,3.043988397860971e-05,2.6403542495796804e-05,4.658521652205661e-05,7.000694844793256e-05,2.932058080375253e-05,2.0283453171212858e-05,2.269069274291307e-05,5.392187678426863e-05,3.707355330736953e-05,3.563354827095541e-05,5.1633320577145706e-05,2.968622866913323e-05,3.529777267754727e-05,4.5441683029858815e-05,3.7472448653572284e-05,1.8937448358880525e-05,7.05600975636799e-05,5.243637535700925e-05,4.4009302737456867e-05,4.7456187323759776e-05,3.9747922954272603e-05,4.735460173974017e-05,4.6357029132733244e-05,6.646346768979076e-05,2.4860404109398263e-05,2.475713586572604e-05,4.8417605021673746e-05,8.593986951625342e-05,9.935397889989078e-05,7.680436356412583e-05,6.405334148883602e-05,8.519223559607476e-05,7.119352206609261e-05,6.289673375087289e-05,5.958238069131167e-05,5.987219824341505e-05,6.842691664704485e-05,6.63533713676093e-05,4.46733827720305e-05,6.0398189490948025e-05,7.637227283497435e-05,0.00010935886249050257,0.00011777958752149883,0.0001286116815872163,8.461852889972692e-05,4.7165515730221604e-05,5.478873035266485e-05,6.979525245146261e-05,2.9949645797315723e-05,7.680372129086267e-05,6.504053096601002e-05,5.557025497564955e-05,9.65864565249852e-05,0.00011216607495737941,0.000160866087652129,3.224145393390768e-05,6.285896146543922e-05,0.00011964866547842473,5.0869378415994656e-05,2.4031441934946958e-05,5.548079254277588e-05,5.2523461150572655e-05,7.450302421743672e-05,5.596897226650146e-05,5.9876399574630376e-05,3.448204362676958e-05,8.463081782656215e-05,0.00016523384559824538,0.00020083346647133214,6.226137415341786e-05,5.767735357542904e-05,2.2860187582369866e-05,4.517989954637425e-05,2.9740286680466363e-05,1.0143394679561061e-05,7.585640564076687e-05,0.00013422032894320427,0.00013762591406725976,5.314094620777871e-05,0.00012192452448802141,0.00013269420739429622,7.15747831874496e-05,9.959412074608636e-05,1.9158369515619297e-05
0.03685048345034167,0.0069135923505259204,0.0006644186722700555,0.0010969131420218037,0.0006738293489719476,0.00018962185424727367,5.7049316218158634e-05,5.768581834571197e-05,6.841767022532742e-05,7.481832373016804e-05,9.131444284443192e-05,3.755891380103878e-05,8.358086831959134e-06,1.0385066172537952e-05,4.3994363590594806e-05,2.945342144459323e-05,0.00016674529243530085,0.00011964693496121408,8.1593377605597e-05,1.460470008884864e-05,0.00011325275990450249,4.1807532670589645e-05,3.021930722284813e-05,5.4982165919492524e-05,0.0001030899433151003,7.609428649520914e-05,0.0002488089977019086,8.391652040857286e-05,0.00011389907230332109,7.790749519016133e-05,4.4843704335134627e-05,0.00011342495242538443,3.571112622427659e-05,7.370422211528446e-05,4.641642140869751e-05,6.924143248288484e-05,8.297216219429766e-05,1.4866715920230531e-05,2.8052858485175507e-05,0.00013680918393549953,0.00031218168496640643,0.00015721135585627499,0.00021480344520242957,0.0001283076231665425,0.00014710070935992524,6.579857851800005e-05,0.00012022348032560788,7.232279353420004e-05,5.0818614680037556e-05,5.404562116506726e-05,7.143629215630872e-05,0.00013307244520836055,0.00011002356690217765,0.00010236147277334611,5.162929214168072e-05,3.6729584246042706e-05,1.2524140002141367e-05,0.0001478687146471006,3.32986308567932e-05,4.126719322519994e-05,0.00010118100229202431,0.0001880645795569887,0.00011269321839538519,6.885209591640231e-05,2.914171793042778e-05,6.54884164655574e-05,3.636001933222683e-05,7.74030658344917e-05,0.00016506269376547573,3.583812916243103e-05,7.401263398313079e-05,0.00010908446067838928,0.0002080550334270471,8.54331808802216e-05,0.00011813079354761622,0.00022483768321421554,0.00022616630990562187,8.800554013360781e-05,0.000172471911962051,0.00028460418258412397,0.00021452382332727018,0.0004906304112912878,0.00020920069722575054,0.00013820142583617265,0.00011749198325815377,0.000436755752330657,0.0003045669905293576,0.00011593369795803916,0.00012533292641034874,0.00020749175020191857,0.0001159180622377588,0.00011331978089424355,4.3384193679861256e-05,9.601580255422888e-05,0.00011474055835755713,0.00012041729763854342,0.0001507609396866217,6.904157501015857e-05,0.00020700059098733604,0.00010622621366508097
0.24425991056381113,0.09921765811811056,0.0365650703197831,0.01047100867986113,0.002396608202330324,0.0007103117842570898,0.0005572610010898833,0.0002185697298117007,4.544177157909165e-05,3.185360249954893e-05,2.4935798126192758e-05,7.073515708289264e-05,2.2130881899320803e-05,2.419988828943672e-05,3.6936450086212875e-05,2.181237154584006e-05,2.098098756203484e-05,3.102892879184975e-05,1.0234448038856907e-05,3.6722972072252e-05,5.129406155962449e-05,3.9083259251835364e-05,2.6946513615399258e-05,2.9755908674332192e-05,3.679582875801323e-05,9.965258865371701e-05,5.7034685242781e-05,3.482919243219399e-05,5.262481558601764e-05,1.3752911931603758e-05,1.861276725719516e-05,6.153782711410222e-05,2.3719199052637608e-05,3.227871725609496e-05,0.00010496744003045486,2.9984483233885893e-05,1.9981571261646356e-05,4.6726135368043136e-05,4.560627745921458e-05,2.537597825981474e-05,0.00013512459784845426,9.923637603020475e-05,3.3454424324740094e-05,1.9494648136328353e-05,5.954369120180804e-05,0.00013034611688527722,0.00013588594040736838,0.00011950354613335466,0.00010933492601817186,0.00011713756375790387,3.974002412743369e-05,3.858691900269747e-05,3.849157318598813e-05,6.414450638965105e-05,6.492054282714239e-05,2.7150117080312767e-05,6.048915831372297e-05,9.928940194658606e-05,6.9156264213954e-05,1.1969833453424894e-05,4.2495691614773514e-05,1.2305062937003263e-05,2.0240957087193606e-05,6.887919131526668e-05,2.0265049932365314e-05,2.6676351177019647e-05,1.8194876666290257e-05,3.858888966755099e-05,1.548627076773711e-05,9.83006380750372e-05,8.890056322000475e-05,3.695696006608088e-05,2.8515429820400958e-05,1.5492270459776082e-05,0.00010223361646154779,3.255442408887747e-05,3.0320520969183504e-05,5.7010321327913304e-05,6.126064114067012e-05,7.640821721395779e-05,0.000120091964081264,0.00012503949934192628,0.0002061215956940957,8.327199771206747e-05,5.707129671669441e-05,9.79140615896398e-05,7.176769721180688e-05,9.095527707580803e-05,6.992405123846168e-05,4.906376735826473e-05,6.664110183046343e-05,6.182849097478458e-05,0.00011427114609705892,0.00013728754170724746,4.102387313189735e-05,7.152743343298335e-05,0.00010793797475768755,0.00010179068266523016,0.00010750003626264172,0.0001393439867575382
0.2861793568129003,0.08432442800209461,0.020353453186374423,0.011415774980006461,0.00682452282571899,0.0030201674794178394,0.0012085867430461647,0.0005242077120558384,0.00025163549307582545,0.00011403181469177119,5.0214243050949407e-05,0.00011186683866355263,4.3791526476167405e-05,1.558529774830261e-05,2.4129076704986884e-05,1.7967049202022366e-05,1.2195624027261289e-05,3.413194759694575e-05,6.848863826381139e-05,3.582447477521182e-05,5.946931018301516e-06,4.734938396761565e-05,3.2891283484652806e-05,2.5768074689096014e-05,7.389506770408998e-05,8.007351686766971e-05,4.984778144061344e-06,6.035116705980451e-05,6.641300573646857e-05,1.8398992014684356e-05,4.875211567603906e-05,4.2949213222436044e-05,2.387104042565042e-05,4.310266633741119e-05,3.824169929527539e-05,3.083912085057711e-05,3.924503688619715e-05,7.11715208248729e-05,5.574708814169542e-05,7.138086914836852e-05,0.00010082228172277963,2.603952090676298e-05,2.2718506283886148e-05,1.0816184081367092e-05,1.6615420626443604e-05,2.6495077301689866e-05,2.666546786720856e-05,5.013380047935376e-05,2.4334402040700198e-05,4.729388688971847e-05,0.00010494870672791501,2.7810677007934813e-05,2.1909089021604022e-05,5.8535306468443906e-05,7.428176318852696e-05,3.984150191916236e-05,7.207400429053883e-05,3.603494876850506e-05,4.049878952866546e-05,0.00013416067589751648,7.610916043427479e-05,5.3715195529673585e-05,3.8764298916326096e-05,5.6464036334072897e-05,3.552512067669673e-05,5.5103869612023806e-05,1.0189351671685445e-05,9.538556289321936e-05,2.6739232735667777e-05,7.309479835191507e-05,0.00020209161268085521,0.00011244274062252948,2.1856454213434228e-05,6.052598247815175e-05,1.791962188529172e-05,3.9666764309255584e-05,2.8056166611987055e-05,6.657591789592174e-05,2.4266946307825504e-05,4.4792989735642713e-05,8.037158710561096e-05,2.6015335788983642e-05,3.7173578883308196e-05,9.522823036347714e-05,0.00011873923096846471,9.281733256721945e-05,7.96774806424076e-05,2.9453586984807363e-05,4.851770317572694e-05,3.6729409825376645e-05,2.8834464995739384e-05,2.2289948536390806e-05,3.1204190118124106e-05,5.9077653734472416e-05,4.332816178829926e-05,6.07843667558177e-05,2.6873332067906984e-05,3.400843079501509e-05,2.8527475678080238e-05,8.84503532557865e-05
0.03525070389755089,0.011926845337214307,0.004940468473442605,0.0009744276901434116,0.00020828439474489474,0.0001918839190573,3.9926295562920516e-05,2.112667830627469e-05,9.42337356562965e-06,6.004971710239418e-06,6.222099114632634e-06,5.288719508362105e-06,1.1863586863929282e-05,1.6230775105430552e-05,1.3560098344735703e-05,6.2553873275624804e-06,2.312647983100549e-05,2.485859876132477e-05,1.339042173696911e-05,4.237433808486345e-06,2.0015426953021834e-05,7.817224087840145e-06,1.204403689946304e-05,6.787783091452539e-06,5.6980806817131546e-06,5.099628162741982e-06,7.8982250371881e-06,6.167296766244238e-06,9.566990730409734e-06,6.452403114071472e-06,5.2938536785412866e-05,4.209052203160027e-05,4.270062189516774e-05,1.5387213429234417e-05,1.6187400190373057e-05,4.5008542194148755e-06,7.080983423712873e-06,1.0212458014959296e-05,1.9876548305246093e-05,8.37901968255605e-06,4.388138786156758e-05,5.546103343179307e-05,2.7699540873538293e-05,2.4696008203870687e-05,6.550673131068293e-05,2.1805798791078762e-05,1.5239586571981697e-05,1.8517195714713596e-05,1.677829683712173e-05,2.3583504941011188e-05,7.022741055389661e-05,2.8252505918323853e-05,9.11490664730276e-06,1.803416390304879e-05,2.17377015233511e-05,1.7017841342865832e-05,1.6596963167506728e-05,1.23716955099321e-05,2.9989402319588465e-06,2.2651079828342013e-05,6.475512669936399e-05,4.566669058010729e-05,8.707250822980493e-06,2.9015772498059304e-05,3.8587527866215286e-05,4.4350236750393664e-05,4.372239178017628e-05,1.1883915214522816e-05,2.4280219363485718e-05,3.237916125310909e-05,2.3789821480286354e-05,1.0617805540543053e-05,7.176489871137159e-06,6.386079744720418e-06,1.5520058640036607e-05,1.9074627060956786e-05,4.210517202141807e-05,4.808293301934599e-05,2.7279408740294226e-05,1.1500351566399509e-05,1.5255741032689138e-05,4.66029133556979e-05,2.687802349922593e-05,5.76637370833267e-05,3.725301187324122e-05,5.0179762829673095e-05,4.6406468181040244e-05,4.8471555385648404e-05,2.988308057258601e-05,2.04622531004454e-05,2.081006856828691e-05,2.0534904392299606e-06,1.8877794153715058e-05,1.2740810699093541e-05,1.945231188987261e-05,4.254119927451865e-05,1.388495681051583e-05,1.5918755156157193e-05,5.6006914319625815e-05,2.745619302933316e-05
0.06999626929893939,0.026216489810639218,0.008074545558405635,0.002488409557073714,0.0007442651575293777,0.0002685569527687373,0.00011370774296422205,7.483788880666191e-05,2.263840484164497e-05,5.954920965528113e-06,8.31352863307457e-06,8.288005050758627e-06,5.540793188000942e-06,3.9414505008973915e-06,2.665551901520581e-06,6.6388599113967545e-06,6.565333278663363e-06,1.073260508808053e-05,1.4217613215040557e-05,2.681359419912165e-06,7.962048523621674e-06,5.4008695546840855e-06,4.7581463949429854e-06,5.713825076081232e-06,3.2899081729242756e-06,7.839600089046641e-06,2.5301016708241677e-05,3.240580752359118e-05,2.0272184218275564e-05,1.3591128139707259e-05,3.7553049959738366e-06,2.4015396704775973e-06,4.305852731969638e-06,1.3125253779238598e-05,8.26028293964123e-06,1.3654409511809486e-05,1.6867528797053288e-05,2.896009575715659e-05,2.0198328749806375e-05,5.582474326382114e-06,1.010852825101302e-05,1.3681450698975624e-05,1.3614469954306655e-05,1.1799992281594728e-05,8.211323272176762e-06,8.954970478023772e-06,5.677662284113476e-06,6.229672518773971e-06,4.857045651995623e-06,1.4251652435618723e-05,1.2519615646365708e-05,8.330154564154413e-06,3.929361860699224e-06,1.1253150291306114e-05,1.8674902541084327e-05,1.1727347934392565e-05,1.661632350819599e-05,2.762250189781209e-05,2.709187962979086e-05,5.751408616698712e-06,2.6646031384855934e-06,7.232372904481845e-06,6.542091261150606e-06,1.610546749258594e-05,1.5409200045651137e-05,1.2251958921785039e-05,7.363362831337922e-06,3.60764131231427e-06,7.577201454533731e-06,2.4154126147496826e-06,1.060517688097556e-05,2.2430350025597743e-05,2.83946656794508e-05,2.134740320231118e-05,1.3563310872227016e-05,3.7489837176472765e-05,8.956727858488555e-06,6.165768963879339e-06,2.379627788380383e-05,4.5161151329737305e-05,3.2860821516446945e-06,1.8991700494889035e-05,1.304300997129876e-05,2.4136231710684186e-05,1.3592496979772319e-05,2.8612878213143713e-05,1.6532174941173073e-05,6.039528817474255e-06,2.0985389992593886e-05,3.560195678158638e-05,3.0639410376500417e-05,3.0003410193486397e-05,3.194289222140794e-05,1.000023789312688e-05,2.4400757104984876e-05,3.82766470060456e-05,3.199316365201546e-05,1.0712294988197565e-05,9.190548653982828e-06,1.2125001620227806e-05
0.11157488139400051,0.06227785787509799,0.027406228916821693,0.00805702376118331,0.001544507349918506,0.0006005718201724976,0.0003089690097992714,7.628228265578849e-05,2.7024198750201468e-05,1.87045213563301e-05,7.16299966521791e-06,1.3703767547766775e-06,1.612032064463427e-06,1.1180645623174129e-05,9.181490936507326e-06,1.500997053600499e-06,3.360377932272874e-06,4.529640848149609e-06,8.940820044127796e-06,1.635891038687191e-06,4.494590323114679e-06,1.2609352180058728e-06,1.9812217033253693e-06,8.615151312792277e-06,4.84442576970321e-06,5.827144363364495e-06,7.6194045630223735e-06,2.02895426770922e-06,6.708592559574451e-06,2.34261545679066e-06,1.2834828142944727e-06,8.912206737639186e-06,1.2152021296733828e-05,7.014114696290291e-06,6.576009963153024e-06,2.231653681784618e-06,9.057522474391259e-06,8.860958346491785e-06,5.853846538173869e-06,8.267846125520975e-06,3.4678420472849256e-06,9.092653595984396e-06,3.3545980388114333e-06,5.885213071397022e-06,3.3993520429635325e-06,1.2572348900858697e-05,9.15952659634304e-06,1.5438141796348694e-05,7.837934889090797e-06,2.702292604833608e-06,3.002999182708747e-05,1.991201787528748e-05,4.521610437313335e-06,4.24177227860683e-06,1.262192730372533e-05,1.0683664521140526e-05,1.1069453231805465e-05,3.840195490429797e-06,3.930278842822583e-06,8.014903975369098e-06,1.0398154477221275e-05,6.18003031101791e-07,4.319405196493813e-06,1.023831521556473e-05,1.2555971302912616e-05,3.6213481867351793e-06,5.976758338460072e-06,1.0501159982719672e-05,7.238139046066451e-06,7.1093115412767605e-06,4.79128666850564e-06,8.46445184027539e-06,8.604388172000132e-07,4.196973550185222e-06,3.0310316848526234e-06,1.8853646619939278e-05,2.8458477488104642e-05,1.0578746734917157e-05,1.6344110984403961e-06,1.023411865390926e-05,1.51905985799219e-05,1.3766039753029798e-05,1.5115213805079332e-06,1.8000373067044217e-05,1.2219040247811702e-05,1.2034251138830067e-05,1.4134137277973559e-05,2.628730730591086e-05,4.059108734440957e-05,3.586875231060638e-05,1.5504696320275537e-05,1.788756535273448e-05,1.1092829870586185e-05,3.5421349703136944e-06,7.247284905059458e-06,8.92839118322498e-06,9.747415173953376e-06,8.52711404771529e-06,1.1931078375438346e-05,4.253370438095253e-06
0.1760210266037648,0.1142496771219721,0.07720557463652702,0.052746074722048855,0.03614268482058512,0.024749731369395518,0.017005871571943165,0.011916144220475211,0.008554771267553862,0.006252762808496404,0.0046312090785524075,0.00344361318373548,0.0025868379285492724,0.0019317668176507428,0.0014552857001644153,0.0010987670626125756,0.0008238379970278807,0.0006113887632902112,0.0004536673837365986,0.00033484516619984047,0.00023979959793320917,0.000173894450692545,0.00012099049996913356,8.15278821383935e-05,5.657298289252146e-05,3.978849482041383e-05,4.319243307719742e-05,1.5923612133462286e-05,1.4369313132802007e-05,6.116814696727852e-06,4.911724724282005e-06,3.103704362369904e-06,2.7798300881681796e-06,1.9127926355157535e-06,1.065344403404007e-06,3.846943599394615e-06,6.992635961013822e-07,2.2254125742651162e-06,1.5553129107363922e-06,2.2885150017726206e-06,1.4628095363327246e-06,1.1808509968972981e-06,1.770085326398296e-06,2.051705105311606e-06,6.821444991554842e-07,2.6607847968132612e-06,1.972231991140424e-06,7.217210102799181e-07,2.176210490333484e-06,3.0143403680356855e-06,5.905630000275992e-07,3.46027216533203e-06,8.106972352877028e-06,9.70371427600481e-07,2.0374867034338834e-06,3.46313687877328e-06,4.919225862415181e-06,3.562595707500883e-06,2.8188292043593906e-06,7.040365991819627e-07,2.6688467214194013e-06,8.118078677618502e-06,4.351579165734116e-06,1.6061118587780296e-06,1.3393303013482362e-05,5.022132256478427e-06,5.263780429062202e-06,4.934170934653832e-06,2.7995931602886794e-06,1.3093824521007071e-06,6.513953575162473e-06,1.782900610167149e-06,2.0191548391698833e-06,1.5132862493523165e-06,6.232766497358318e-07,1.697365174265319e-06,6.784483850102178e-06,1.1065821418239678e-05,5.563225213625784e-06,1.2338733084189682e-05,3.198814162979756e-07,5.745174477333732e-06,8.312871558770261e-06,1.949925129897227e-06,6.8062345047716e-06,7.804909818397211e-07,5.105839482962053e-06,1.0634710761523088e-06,1.5831437307790843e-06,7.775928224563823e-06,5.633103915306825e-06,2.0766535592928648e-06,2.8834174899574056e-06,2.710401080924908e-06,1.6326702373270244e-06,6.59719922000996e-07,1.0827295657941661e-05,3.6658570195164025e-06,8.385623202486898e-06,2.1336936569448027e-05
0.07612532139914589,0.03788608642932516,0.014465757319563411,0.004387326285546088,0.0010394344197471978,0.0001998238339619668,0.00015407647755926425,4.904654229929875e-05,2.1126076819926726e-05,6.814458185023673e-06,2.7596348963125985e-06,1.3267627457702326e-05,4.229445147989991e-06,7.717467856553052e-06,6.04603660016344e-06,6.497019674470659e-06,5.1562115751790365e-06,4.144315628435964e-06,6.0130792895459295e-06,7.046396828545297e-07,5.503266693168382e-06,1.6537586605092766e-05,2.3958382606434985e-05,1.183293561013958e-05,6.258605205116742e-06,1.9511439133258484e-05,1.0653054351140894e-05,5.011907336578236e-06,4.5059382557553966e-06,1.3777608386249338e-05,1.1087581293457717e-05,3.055334632225755e-05,1.377679728452384e-05,8.701351048450356e-06,1.3369826165004627e-05,5.361609843352943e-05,2.8828009006043635e-05,1.6648153758292093e-05,1.2406517486257965e-05,1.3553166699096716e-05,1.5397338507711775e-05,1.3993188031120908e-05,7.276599277016427e-06,1.411206559271452e-05,1.935850631916582e-05,7.629142253828499e-06,9.779845244802267e-06,1.516009782020068e-05,5.844970282427342e-06,1.2327856219926876e-05,3.1001059884138945e-05,7.176647902271687e-05,4.930205354966723e-05,1.0494175799823483e-05,2.366793595481485e-05,1.7607672051669546e-05,2.0138468448907655e-05,5.1741573807008e-06,1.8887517153448844e-06,5.122182800417851e-06,1.1054719464471944e-05,1.3258471258477866e-05,1.6576125338733074e-05,3.106622377748615e-05,1.0193826096187146e-05,1.1696417687539967e-05,2.3780270542153722e-05,4.2562808237188436e-05,4.107412517909787e-05,5.379806431484325e-05,1.351177159353772e-05,6.1747839726645215e-06,2.161729704996105e-05,1.030764631088202e-05,3.0143583364718188e-05,1.2200646471622069e-05,9.122106816463794e-06,2.297590461681858e-05,3.0066534318001553e-05,1.0467393756518715e-05,6.048626278962968e-06,2.7262738084155e-05,2.9419595070231085e-05,1.6965529597495494e-05,1.9410138169156325e-05,1.2267786127241154e-05,7.329127182654771e-06,1.55535591109204e-05,1.815420076033375e-05,1.7673421948081677e-05,1.4443382847308106e-05,3.979796363414351e-06,1.915275865247546e-05,2.151549287716231e-05,4.4894475454404215e-05,4.249658006505653e-05,1.3930842591031126e-05,2.4570417222827163e-05,1.3719494312520802e-05,8.861605247596122e-06
0.2111698871638957,0.1455786707083253,0.10033663284114114,0.06906292525188434,0.0467950150710706,0.031042126165916936,0.02044350292794611,0.013576473781994577,0.008973278632707743,0.005821790935558059,0.0036897332895347106,0.0022670765877766882,0.0013567981170257062,0.0007909966604318203,0.00043951165599093867,0.00023683498615420753,0.00012063359521372336,5.7470820233787036e-05,2.760508969790339e-05,1.6065224136444217e-05,6.806081286211909e-06,4.184238061616278e-06,2.560419945343734e-06,1.5393604739182658e-06,8.042784766457427e-06,3.443720834870256e-06,4.2678537963106606e-07,9.300535955347222e-06,2.4406132605705913e-06,2.9543905535213932e-06,1.7337895357404892e-06,3.1570710888080143e-06,3.332207167876727e-06,1.8496802014617305e-06,5.870235190299091e-06,9.810962801407573e-07,1.267956608154506e-05,4.926560199537515e-06,1.3063727813729608e-06,1.3614420659700414e-06,5.5590431094593265e-06,2.8513061022630067e-06,3.4745475171058057e-06,2.3886824814769087e-06,3.9434429076372823e-07,1.4801125737818753e-05,3.2817101421498626e-06,9.72407130651106e-06,9.540571117792468e-06,4.868706368397255e-06,1.958734286557431e-06,2.3318781848587103e-06,4.319316465062675e-06,8.202259717085742e-06,1.935448412407358e-06,3.5655677303084312e-06,1.6516297163653306e-06,2.0349123666910687e-06,3.1496577926446606e-06,4.600927384925042e-06,3.185564818627881e-06,9.790853041271436e-07,1.7278669803864682e-05,8.163461467153548e-06,3.3388191606416018e-06,1.8442407732103882e-06,1.2795398616609015e-06,1.196793909962607e-05,1.173061850982609e-05,1.0992509169313405e-06,2.7012967565431946e-06,2.9471023013576223e-06,6.969844952343993e-06,1.040653048380415e-05,3.3086759718755504e-06,2.4780682122133565e-06,7.399562127822143e-07,4.7188163935939676e-06,1.0655819392540185e-05,1.0497636110908566e-05,6.920488428262673e-07,5.4799433088709496e-06,1.754867013291399e-06,4.971343155451501e-06,1.9320415837416257e-06,9.83219449401208e-06,4.899731902267249e-06,6.972080914063481e-06,5.612595388815629e-06,2.3936582911847756e-06,6.081463528925432e-06,2.5803396390046028e-06,2.3514128750791686e-06,3.1192413566233076e-06,4.251877543100995e-06,1.4780804073409569e-05,1.5932993584976524e-05,4.157230018982195e-06,3.882118208887477e-06,3.5517798570206156e-06
0.052382219950418946,0.01537665915344551,0.004586725240015751,0.001417208761437316,0.00043537891973928077,5.03672865528747e-05,5.990562258149858e-05,3.737930825309618e-05,2.703416594949985e-05,4.1879020744292545e-05,1.3282334200721118e-05,9.657414375020022e-06,1.8910505838611954e-05,1.6764550663650042e-05,1.6914837684445065e-05,2.7703423050941295e-06,7.6203697243158186e-06,6.615213735595347e-06,1.1599019115955314e-05,1.7504160262498883e-05,7.337751499324087e-06,5.075617388391172e-06,5.66529024144597e-06,1.3479644669959501e-05,9.211163683678338e-06,8.925824222204172e-06,1.2896015240870501e-05,7.431620775569285e-06,8.853615045653423e-06,1.1365671376707887e-05,9.36433268566812e-06,4.748999808317683e-06,1.7628580163042226e-05,1.3113960139647783e-05,1.101504295577757e-05,1.1852308436703498e-05,9.920398751597078e-06,1.1871552516443832e-05,1.1579895209664543e-05,1.6594533726372083e-05,6.207718591334878e-06,6.197897121630993e-06,1.2121475087267567e-05,2.1531912197109526e-05,2.4775449793962055e-05,1.9206941474715593e-05,1.6022073415491002e-05,2.1256806181644592e-05,1.7801330165539132e-05,1.5712811078219152e-05,1.4854858268410676e-05,1.4980466800561091e-05,1.7137616619290318e-05,1.6582411977407817e-05,1.1153068306026682e-05,1.511660503422999e-05,1.911390140111913e-05,2.734083746164939e-05,2.9425805792735458e-05,3.2184872937003975e-05,2.1171847383483265e-05,1.1782741855122366e-05,1.3739772528489286e-05,1.7434087488198417e-05,7.484861226875037e-06,1.9244185284214814e-05,1.620947668854131e-05,1.3919540173213707e-05,2.416890908636351e-05,2.801542811933463e-05,4.033127629407302e-05,8.04844372478378e-06,1.5751742858717186e-05,2.993119459939557e-05,1.2742165548083454e-05,6.025389236652699e-06,1.388297247739527e-05,1.3158366319044905e-05,1.8597090201188612e-05,1.397988941879676e-05,1.4999084521023586e-05,8.612476549441339e-06,2.1091066205743733e-05,4.1462800183760104e-05,5.029474756255655e-05,1.5524459992533443e-05,1.443809448459525e-05,5.7289216204903825e-06,1.1319459716328947e-05,7.444384224110975e-06,2.5328275514588333e-06,1.893487629458932e-05,3.359205840211733e-05,3.4366989407686513e-05,1.3301249109056693e-05,3.0433097873327242e-05,3.319806129593124e-05,1.7880239690968745e-05,2.4856559345154633e-05,4.805136521753923e-06
0.00916773894243562,0.0017656931577850856,0.00016969265902402742,0.00027257629756075567,0.00016691903730961999,4.746562135222337e-05,1.4254578933416183e-05,1.4411628699554256e-05,1.716593962416155e-05,1.8702192753818113e-05,2.2848530779371964e-05,9.38557769275712e-06,2.1010534917544413e-06,2.597300141240342e-06,1.0986490657828433e-05,7.357635953246705e-06,4.1981681885745964e-05,2.9896759175855057e-05,2.0382528298151644e-05,3.6533509608518526e-06,2.834267747380773e-05,1.043979151472857e-05,7.549740723881244e-06,1.3738849034329587e-05,2.5627175790723253e-05,1.9043850018689066e-05,6.227872028840814e-05,2.099411246803758e-05,2.8529428638155142e-05,1.9528349508309328e-05,1.1209139814358544e-05,2.8279115880606768e-05,8.926499846426542e-06,1.849493021970506e-05,1.1650356144488124e-05,1.734107432674396e-05,2.0786279111155592e-05,3.726152921118e-06,7.03082475421099e-06,3.420750621861159e-05,7.814681584435199e-05,3.95636220945118e-05,5.2920725805946684e-05,3.224961068179835e-05,3.6634742454348885e-05,1.6465919563279183e-05,3.003294034185228e-05,1.8093863000697815e-05,1.2686730306687446e-05,1.3537097137973573e-05,1.786692688606091e-05,3.323283857003059e-05,2.7571801466813862e-05,2.5577422756555172e-05,1.292380559844589e-05,9.1875010235522e-06,3.1387123031106424e-06,3.701031257213579e-05,8.341324714880288e-06,1.033753151387354e-05,2.527351787009953e-05,4.6984098069193855e-05,2.823641028262217e-05,1.7188573187149127e-05,7.284861122520166e-06,1.63824070586638e-05,9.078848229943434e-06,1.9321450418532103e-05,4.149560388453635e-05,8.968703099296164e-06,1.85299333633561e-05,2.7297408587398097e-05,5.2029254540002675e-05,2.1365705075173993e-05,2.940327364632468e-05,5.613143017012202e-05,5.661287654094122e-05,2.1889858109130512e-05,4.3263437221251705e-05,7.162615234893315e-05,5.3157078456815276e-05,0.0001243581754651634,5.177039509083014e-05,3.474680402227855e-05,2.9378863910862734e-05,0.00011036662332503741,7.578957678354156e-05,2.906769362135358e-05,3.126814989942768e-05,5.1837357143395267e-05,2.89902679275738e-05,2.8332401710576752e-05,1.0848847526068032e-05,2.399124793373589e-05,2.865088661099227e-05,3.0102374920254403e-05,3.7647719164064055e-05,1.728843474797489e-05,5.140886685228914e-05,2.672079563987159e-05
0.06598662453467848,0.027444981315430227,0.01028512866459048,0.0028669930311695123,0.0006117098654454496,0.00017757216552874203,0.0001370208702905504,5.4424676080930354e-05,1.1398769613189124e-05,7.956377983009356e-06,6.253195231893323e-06,1.7687183717631127e-05,5.541752550303941e-06,6.043145333859541e-06,9.234156374584178e-06,5.450517700578719e-06,5.2587026008534825e-06,7.752574848684688e-06,2.559072356760625e-06,9.176043561157348e-06,1.2844532869876668e-05,9.768799439988282e-06,6.7318619956817025e-06,7.442589501153757e-06,9.192847125778204e-06,2.4934837966923937e-05,1.4252802086941541e-05,8.697262245595331e-06,1.3194868250605631e-05,3.4366268158130117e-06,4.658320649378897e-06,1.5386159080295372e-05,5.934899168389921e-06,8.066086862232753e-06,2.629404672430211e-05,7.501257026428389e-06,5.014848987849873e-06,1.1693920120273711e-05,1.1411703826261939e-05,6.349196725700621e-06,3.382132827970905e-05,2.4798827905328087e-05,8.362666731251628e-06,4.89952212592539e-06,1.4880117970356863e-05,3.2599053780820635e-05,3.3964250428899665e-05,2.9933714347726157e-05,2.728739101735779e-05,2.9470393033256742e-05,9.96101444971319e-06,9.603831376579624e-06,9.623577949163109e-06,1.607691420313405e-05,1.6218345067954702e-05,6.804199099820247e-06,1.513714617546911e-05,2.483701521500769e-05,1.7283926860240725e-05,2.995493435281507e-06,1.0582703785394628e-05,3.075384902851786e-06,5.078637131131946e-06,1.722643461958453e-05,5.061244525669174e-06,6.6853018020654966e-06,4.571007333233746e-06,9.650202240046898e-06,3.8632355087245556e-06,2.4550634855700427e-05,2.2226027533741587e-05,9.25965375900723e-06,7.111294166721412e-06,3.8706813091686975e-06,2.5514696956417953e-05,8.164771431805219e-06,7.571032621655377e-06,1.4250081639921082e-05,1.5289827579576298e-05,1.9162257540975173e-05,2.9972692209654034e-05,3.1301424776467924e-05,5.1316834195673294e-05,2.0868711621881485e-05,1.4282214474548157e-05,2.441547052239705e-05,1.7982625232338276e-05,2.2714821966722835e-05,1.743608854163064e-05,1.226226980879805e-05,1.669024382149151e-05,1.5459426620253612e-05,2.8615009179781243e-05,3.4322463456513334e-05,1.0262775937622619e-05,1.780598922564305e-05,2.7165830139491597e-05,2.5342054986291967e-05,2.6972628759391553e-05,3.477919105479544e-05
0.06736594178858905,0.021111552538125654,0.0051447813330813864,0.0028985777891584875,0.0017191075980880124,0.0007645656919505754,0.0003051540945039465,0.0001313964086171403,6.302588034817333e-05,2.860585629007521e-05,1.2561764647478924e-05,2.805545109879305e-05,1.0958901034822965e-05,3.8970516605443516e-06,6.038761712788425e-06,4.49358845284968e-06,3.05783635404225e-06,8.525882267083557e-06,1.715074655897096e-05,8.95271072068603e-06,1.4807019590326619e-06,1.1833791963647987e-05,8.247190209132154e-06,6.447454527837908e-06,1.8401408018505947e-05,2.0114345122696593e-05,1.2308275473999508e-06,1.5124384738766167e-05,1.661977764480342e-05,4.60682861436258e-06,1.2188707449452778e-05,1.0747388344208322e-05,5.951284984631025e-06,1.077107348526217e-05,9.534241996207477e-06,7.714752246897722e-06,9.804074588490306e-06,1.7801106746313413e-05,1.3921365297308969e-05,1.7953077598274512e-05,2.5062396176522318e-05,6.534235774095466e-06,5.707304742255808e-06,2.7097452454957576e-06,4.149859390283766e-06,6.619565602890234e-06,6.658090901314054e-06,1.2575199478043046e-05,6.08536045687189e-06,1.1851627806146647e-05,2.6096035802149903e-05,6.963865006670751e-06,5.492744971316361e-06,1.4634523792422217e-05,1.8506897511511998e-05,9.971117627483876e-06,1.8018132439467148e-05,8.98908817108311e-06,1.0140118782704438e-05,3.3404306795498735e-05,1.915991351011579e-05,1.3450195888934278e-05,9.708405378998472e-06,1.4159628468609156e-05,8.893473470998354e-06,1.3775811612258463e-05,2.5348913148573974e-06,2.3961310245582554e-05,6.689521420239006e-06,1.8219203646771954e-05,5.071159000736241e-05,2.809847665701627e-05,5.459299042500862e-06,1.5154914307809636e-05,4.495276322362375e-06,9.949513683534952e-06,7.011260153606411e-06,1.6668755121378255e-05,6.085865857567252e-06,1.1183001016432006e-05,2.0109471616078415e-05,6.495197215795585e-06,9.297532265177697e-06,2.378939658742281e-05,2.9717674191750892e-05,2.318794586003283e-05,1.9903642563870983e-05,7.3370018099960094e-06,1.2108526462768494e-05,9.178524501604623e-06,7.25811907211815e-06,5.5879314782176785e-06,7.793955276269815e-06,1.4757735589558999e-05,1.082149515061712e-05,1.5233884922718077e-05,6.721162921795444e-06,8.534237525922362e-06,7.143771665920001e-06,2.2085228331970982e-05
