0.25466179403402595,0.0946817332226213,0.030805517689823064,0.0056047057482227595,0.0005153134292241106,0.000615534092997666,0.00054844489619006,0.0001813326745791731,4.644888090036647e-05,5.140606385736052e-05,7.667591842484963e-05,2.7457624929434093e-05,2.898638919412674e-05,3.623610252485648e-05,4.464818768235837e-05,2.9785312098557556e-05,1.6157055156251353e-05,3.406669769223745e-05,1.3977070977879693e-05,3.4793158511751444e-05,4.2582816941486024e-05,3.815230822525764e-05,7.062105340660454e-05,3.97005705906903e-05,4.310860286973041e-05,3.4793126043073525e-05,8.141353071254836e-05,5.637339583387628e-05,6.212871733814358e-05,4.5817638434701236e-05,3.238671381202232e-05,3.916189983426549e-05,8.274201570675557e-05,9.980017030315606e-05,6.0135220569895796e-05,7.348625746122876e-05,0.0001398174977364189,0.00016347198918819836,5.432716075378914e-05,0.0002522348272213301,3.987930670938157e-05,0.0001595727762748343,7.545697156423293e-05,0.00014066653430785676,0.00014743168535664942,0.00017990300145537957,0.00021899088738223666,0.00013910944181068016,0.00014445396557315497,0.0002745116347202311,4.066908375267397e-05,0.0002364723901903743,6.633549208560994e-05,0.0002696043903129763,0.0001841574475432593,0.00014806592165863078,0.00010038149537218216,0.00032019563943568724,8.387950320057618e-05,0.000258880940180574,0.0001849612313998062,0.00020678275342587244,0.0001628658838879523,0.00014632009786256042,0.00016704113141716593,0.00025504184198273756,3.226663908764173e-05,0.00018883738487224624,0.0002659539360605151,0.00029608205988603496,8.612513461457786e-05,0.0002761609383278472,0.00020930767125364267,0.0001617159553085664,0.00028899828961552985,0.00018703328045124997,0.00023437734180251947,0.0001507109163736203,0.00016310961493705336,0.0003103003236620736,0.00010793677814067808,7.678207153012716e-05,0.00019915141023909167,0.0002185174122841024,0.00018367224126442658,0.00028702831809134584,0.00022077041054664867,0.00025847028329152436,0.00025905655083619927,0.0003186720788450122,0.00031662034523592935,0.00021935540852671714,0.00012297742454936802,0.00021630416022155137,0.00018868564935665012,0.00021358841962485723,0.000309053411037027,0.00015576710323205942,0.00043850017447779254,0.00020226517097071467
0.7374737810111716,0.414787680610618,0.2557289057973653,0.14095978199189935,0.07522879771274532,0.038824151517679664,0.019989324927652215,0.010216920936247334,0.004851320846758333,0.0019739217608187483,0.0007846400242092818,0.0003616825733462597,0.00014782105970605848,0.00011801063511133894,5.113665014611947e-05,5.0790668695305935e-05,3.701775306642164e-05,3.828456829433713e-05,1.8773911902359537e-05,3.908661624282573e-05,3.3417619881826854e-05,3.802975702155739e-05,3.0462647381894817e-05,3.2646113263826593e-05,5.7741457827423584e-05,4.4610789336491184e-05,2.408543702570574e-05,5.201345151261425e-05,5.569685393010159e-05,1.6743722483497344e-05,3.439235737852592e-05,2.7735220712952558e-05,3.250372120061206e-05,5.241375065521232e-05,7.776336831758369e-05,2.9841264328068942e-05,2.7715556175463528e-05,8.113961212540075e-05,4.0118961990734153e-05,3.229388431033099e-05,8.134299933463185e-05,6.407217283332716e-05,2.3071672441814508e-05,2.726685508104684e-05,2.3505529866997988e-05,5.867736761021184e-05,3.411242913573312e-05,6.90003489640695e-05,4.124850984815482e-05,6.37103312718509e-05,2.322753917321496e-05,7.952686538455667e-05,7.787010187063157e-05,5.0981860860312145e-05,4.312660103832945e-05,1.9447728146369933e-05,9.734339219330361e-05,0.00010024514963835867,2.9872351180960466e-05,5.6648726017374655e-05,0.00011339465197394549,5.8052202062632095e-05,5.252054763658486e-05,2.7401088035179655e-05,0.00010166842290498801,0.00011102354444554184,6.138914055900434e-05,7.487126180551109e-05,8.788512519079675e-05,4.779398711981359e-05,7.629392582946242e-05,5.098324093172888e-05,3.522720578057518e-05,4.19243004299236e-05,5.364388844221338e-05,8.356205985307012e-05,0.00021706200606945317,0.00022407764581383605,9.945222774241746e-05,3.6329185956563825e-05,6.27627697338169e-05,0.00017934644092667922,8.754828790617786e-05,0.00011907360798677977,7.87426546899608e-05,0.00012088765627157622,8.521702008124684e-05,8.133029425997805e-05,5.402494393814635e-05,0.00010649770496629334,0.00011351739899616384,0.00020231734999973452,0.00010425494673478152,0.0001341070611111132,0.00014448428249512566,2.6230429706456857e-05,0.00010482079568866235,4.556039431921144e-05,0.00014280699240976774,5.8021856378229946e-05
0.379863756175001,0.17885437447873392,0.0762756797195303,0.027423492525254868,0.008504477235908255,0.002193503040342234,0.00045970476804929735,0.0001513609222885421,0.00025159869998014634,0.00010937784218175307,0.00011205918669025036,0.00016829722086436757,0.00011197484466693485,8.189091796681133e-05,6.273404079183492e-05,0.00013509591489823357,3.727004742934252e-05,1.476194165299892e-05,6.389243088243332e-05,7.205997642584661e-05,0.0001237788321975129,3.85671822596331e-05,5.9706199231343744e-05,2.5148298811330507e-05,9.00634482722219e-05,8.6965390185059e-05,6.477232461308093e-05,0.00010801812974496464,7.275152219365444e-05,8.296462527620455e-05,7.830465853504373e-05,5.1288006870947415e-05,2.877157590223207e-05,3.43114640794966e-05,5.551085856541878e-05,9.40578095243283e-06,4.612326361180287e-05,6.653989416435758e-05,8.105589952085452e-05,0.00011252368045786866,0.0001460985256235821,3.206637369697449e-05,5.524683540085191e-05,0.0001201853443019256,9.433970305921136e-05,0.0001083295255543083,7.466737283640134e-05,0.00021252911734010284,6.123866910659969e-05,8.538021513508328e-05,0.00011853204534546737,0.00010686989143019994,9.131380636410872e-05,0.0001189211978060488,0.00010496945283598714,0.00011870262397243453,0.00014795188660999062,7.890724784774279e-05,9.086353014064585e-05,0.00011111567968539516,0.00015487431747757824,7.385968634451823e-05,8.617009223063198e-05,4.486563636184565e-05,0.00010789642749694985,0.00012615087755198985,0.0001567725603954036,7.659290432362282e-05,8.959657856521782e-05,0.00014355335289036562,7.176798636056943e-05,0.00012933387900195947,0.0002140763963193468,0.00024344076515271824,8.071982877043383e-05,0.00010386158276266886,7.233384878363891e-05,0.00010600415969858794,6.514594755821669e-05,0.00023764425100612774,0.00022876406744926146,0.00010748509035632056,0.00020330538678018685,0.0001457890341020813,0.00017502688169145596,0.00010477457082947025,0.00022720087156294453,9.227933687164843e-05,0.00017279293426680385,0.00016557220676369049,7.993004422105865e-05,0.0004190403712120128,0.00012254933623470957,0.00023027975090823393,0.0002008599511583919,0.0001821754288671572,0.00043388237555613135,0.00012127053412538296,0.00014383920748549644,0.00012004487361033005
0.19010083726396965,0.10506716524481752,0.04231173429132497,0.011255286148745308,0.00404956773015853,0.001647791831830659,0.0007360292880386754,0.00016674222093390062,0.00013960102308257778,0.00017161200350992133,0.00014725003343609962,0.00021156526801511556,0.00011393796819956885,0.0001403136270708631,0.00015753672009313823,0.00016977976415415976,0.0001688589790996061,7.37963604094049e-05,0.00012006152023514693,0.00019335101798260697,9.236235872475641e-05,8.033139878399812e-05,0.0002357296282129947,0.00013096604311259546,5.274104194050649e-05,0.00013862883929563062,0.0003013562736239317,0.0001021859977728798,0.0001480319000551622,5.703946574631136e-05,0.0001445356611945363,0.00014717024241969094,9.095029879686118e-05,0.00014845379837095246,0.0001418304258775584,0.00010737660232105388,0.00013218351582578456,0.00020170624888356595,5.110649635728642e-05,0.00011480337992970718,7.508274332432177e-05,0.00012190555089635984,0.00017829267250511326,0.00020281399683523505,7.189974149253431e-05,0.00026548158614297457,0.00010955708537513592,0.00014161950094616297,0.00022652128944959183,8.780396545988566e-05,0.00019748578108937705,6.125684945941035e-05,0.00015787447080452244,0.0002818589619098264,0.00011916817935702555,0.00013590090565979932,0.00015342172501405134,0.000190686303317162,0.00011649532621687457,0.0001660719053498804,6.616780307141536e-05,0.00021847019134410952,3.311895672631791e-05,0.0001242152438615243,0.0001433149520612153,0.00015148005277602428,0.000332552043650681,0.0001208653241541193,0.0002863806622333629,0.00013350199467377808,8.631328095286142e-05,0.0001253879263160046,0.000130948651170405,0.00012308512562025356,7.907652740848491e-05,0.00012575726063997813,0.00022646163246975914,9.622296435454064e-05,0.00018999938773300385,8.741705145892025e-05,0.0002375274943431121,0.00010091594372526984,0.00016930900534059047,0.00014454991436989827,7.153272494517704e-05,8.447381769565712e-05,0.00018507210531150961,0.00011175107741290876,0.00012866982344090605,4.799403165497312e-05,4.922825759304727e-05,0.00016954348384547982,9.214545842255477e-05,0.0001343180032692911,0.00025433240419592534,0.00015132688266226556,5.312261603913329e-05,0.0001396545475361578,6.862293793965645e-05,8.418849346750992e-05
0.3367863299616969,0.24974430131141273,0.16022427819952495,0.08537085861982516,0.04202322389100208,0.017864762936257564,0.005704777769866543,0.0011769879309417534,0.0004038785817799288,0.00030649809809582323,0.0001744679222065327,0.00019375637011471102,0.0001219059144997607,7.580362126937963e-05,4.462315711096631e-05,0.00024750497216236597,0.00022439659898783933,6.010009945193117e-05,0.00011156388682089543,9.575287693043262e-05,9.630623873368212e-05,5.065051022775085e-05,5.817223398061223e-05,0.00013129198785850676,8.44986278534859e-05,4.367014179175108e-05,0.00013013698926822082,2.945269288422874e-05,4.6857812860460774e-05,8.554229456351494e-05,4.478667523290887e-05,7.411870244955357e-05,6.0430270439534904e-05,5.171254680476746e-05,0.00010706392093115026,5.843348493860868e-05,4.796776027606335e-05,0.00020283619928008253,9.973117311227043e-05,0.00015142749410613295,4.456355590496471e-05,2.288826386809945e-05,8.025891343664679e-05,1.1293626375402069e-05,4.435284038708685e-05,5.752337263039754e-05,3.4715662060192526e-05,0.00017482330552349382,0.00011607687927941892,3.2185604895851186e-05,6.032258829912992e-05,0.000138046611264416,9.788538682749173e-05,8.655090302151034e-05,6.883195981426137e-05,0.00012227776246585202,0.00016164765209646104,0.00012519325852115805,9.523221133056871e-05,3.256777178099399e-05,0.0001387560477681002,6.0125092383611026e-05,9.782181043303069e-05,5.2989134123496845e-05,7.035339884170228e-05,8.863414647482465e-05,0.000112562162757345,7.52143123038502e-05,0.0001348039736626741,4.421246440866958e-05,9.853838099224276e-05,0.0001223732802025498,7.789071772244978e-05,3.737591301243245e-05,5.0902703168313854e-05,0.00010744355153178512,0.00013837545717751117,6.334646781097999e-05,5.2546026451402695e-05,0.00022773446213784476,0.0001694821360922888,5.971589646679273e-05,7.386242982492127e-05,0.0001234849266891899,9.60404004680412e-05,6.364682595201001e-05,5.15904731172316e-05,8.398809944893358e-05,0.0001478282445248687,6.534122166839545e-05,0.00011887122039465315,0.00022196530817372977,0.00017623157204249389,0.00023520967011315258,0.00016083165215412948,0.00013549889861789012,0.00035370057564581767,8.080262186771839e-05,0.0001443355518449766,0.00011814277592988968
0.2628218347362595,0.08300847208634907,0.017521783591595837,0.003470881156362241,0.003442988392829081,0.0021304370948614067,0.0012129055129592994,0.0006726542722557444,0.00043681769995083074,0.0003177490041493848,0.000194507866432696,0.00012473296658629344,7.975902225486288e-05,5.8123898587940804e-05,7.17017067336091e-05,3.6228551413843534e-05,6.021986955842204e-05,2.4094068263394615e-05,3.571373173562233e-05,7.819457503737987e-05,4.8720956778160966e-05,5.431065627937125e-05,8.394271252392229e-05,2.9286468027302573e-05,1.4166735704741187e-05,2.1234102046882846e-05,6.765365205196449e-05,5.973430264105857e-05,2.498487854198702e-05,1.9628884965982e-05,2.7063957378589947e-05,5.427116468322349e-05,9.82419732702541e-05,5.10754870554044e-05,2.0062665693257407e-05,3.939609074919757e-05,3.119261195850631e-05,5.865973973865008e-05,3.2845972106906624e-05,4.820205809345475e-05,7.010683178809577e-05,7.069773793681386e-05,8.065957516886855e-05,5.658486798077811e-05,4.958753345005412e-05,8.313014138854074e-05,0.0003185984844248785,0.0001958448517061567,0.00010300023861616221,0.00012859445944745067,0.00010156041431686261,9.315037281873179e-05,0.00010504278346412741,7.989294152292974e-05,6.0461782408656895e-05,5.333500557195333e-05,0.00011210873054141998,0.00014914746345380016,0.00010529260114967116,5.932433678833347e-05,8.427138068832713e-05,4.819214803496305e-05,8.422720982604378e-05,6.50075938004595e-05,9.647760069635657e-05,0.00011316173602053886,0.00035424024960691806,0.00010505963782249297,9.812991671893836e-05,7.240174679311664e-05,0.00011939998304150677,5.737009172711175e-05,0.00012931610635984712,6.782347519858475e-05,0.00011373895600818727,0.00010532284054569482,4.363040848340749e-05,0.00020844124568945898,0.00015307980768664194,0.00014066020896331532,8.039178817379573e-05,0.0001296980692159777,0.00011658181293117283,5.977665171289252e-05,0.00017835059909623993,9.530712740467556e-05,0.00018014626378570417,0.00012959597488017977,0.0001842004008748453,0.00015054125333640797,0.00014724790087383005,6.683870328438217e-05,0.00010766051841873511,2.1729606135344345e-05,0.00023342371937926532,6.350882883834896e-05,0.00014437515970488557,9.935210187744705e-05,0.00014210580137369398,0.00013240338653033553
0.6425983159190661,0.3032250933300848,0.1446026641450402,0.057209789950243964,0.016625523838269707,0.0031985557312927265,0.0005634421214390341,0.0003777603975392615,0.0003073273169704894,0.0001921296331640586,0.00012240592794292206,4.177333241818515e-05,2.5081799255028303e-05,2.9449656338445367e-05,5.1744618929293936e-05,2.7669037357070693e-05,2.5173785973167054e-05,2.6939996439425025e-05,5.6029437172277086e-05,3.040410542982496e-05,4.771118723622932e-05,3.4060095202895734e-05,1.9349950492474326e-05,1.6798887891441194e-05,4.4155213008319465e-05,5.1470124911131426e-05,3.954490737289977e-05,3.4768745287731286e-05,7.152558329053156e-05,2.610704393386082e-05,4.7247913126602804e-05,6.723853717481576e-05,3.3510747230233034e-05,2.7986335902579e-05,9.550559073137708e-05,5.626857434152654e-05,6.457386193713024e-05,5.526158120871226e-05,6.219926449592275e-05,3.224458819139041e-05,5.087309042644292e-05,6.470323232100634e-05,2.790787368232091e-05,7.146405736190974e-05,0.00010735483474991203,8.870304027146746e-05,0.00017232484298651627,9.524366473669934e-05,0.00013184167908211796,0.00018827808642004912,4.5401839143425354e-05,4.823243177781407e-05,9.475176620737935e-05,3.746460435245997e-05,7.231622168896818e-05,4.5521475350014315e-05,4.17412763032911e-05,7.237722949329393e-05,0.0003134999821574414,5.9865887911710394e-05,3.8107070335177684e-05,7.939042833504705e-05,4.2489333897316635e-05,8.55956885807e-05,0.0001509801685683626,0.00010209673456552102,5.8741719846086126e-05,0.00010676022484590927,8.702032671427146e-05,3.1713931371842984e-05,0.0001490351599446882,8.698046065477665e-05,0.00019017146129769735,0.00011258242961523506,8.844108816192077e-05,3.617126897124739e-05,7.49644550473421e-05,4.253440759061463e-05,2.6259997270367897e-05,0.00015775486837089035,2.9083992114424745e-05,0.00010579852461772409,2.3298562592079524e-05,0.00011156585127766478,3.265486658886774e-05,5.851877218120019e-05,0.00022393753943518186,4.362707360607986e-05,0.00011909051256078253,3.462566288222105e-05,0.00015668677040614172,5.5898286211068706e-05,6.641848984951983e-05,4.9834185835046906e-05,8.710998095779257e-05,0.0001123902375868898,7.328512676366421e-05,7.848242617705149e-05,7.288222672135374e-05,6.458914062143126e-05
0.25146739840611465,0.05545081862094686,0.020341912532002134,0.018128817948918467,0.012538359601910586,0.00887570262835751,0.007571303081074161,0.0063606658606869745,0.005214392004038592,0.004230733079438231,0.003355529270365471,0.0025230175423468833,0.0018753843134710281,0.0012471535279898103,0.0009166508779794463,0.0005958883087384135,0.000377814890048465,0.00031657525242929484,0.00017646817743702508,0.0001815954005903003,0.0001220808592237914,0.00012369537741401313,0.00010689890387432632,8.028110452142165e-05,0.00010818078088663903,9.20550387502367e-05,6.813405367657151e-05,0.00011395301179766113,8.951571240271329e-05,0.00010430016006894149,0.0001411375197819043,8.101973362668099e-05,5.042465800142665e-05,5.6174428421818185e-05,4.545970532683001e-05,7.93081882505621e-05,0.00014233611322317027,4.8450564048688194e-05,0.00013086961742155793,5.2637378501367744e-05,0.00013117599555707458,6.42350645366171e-05,7.837050409989694e-05,0.00010164046959199426,3.5053138050521594e-05,8.007167312849102e-05,6.785481880581135e-05,7.103742680446626e-05,4.119470804814197e-05,0.0001692525186366544,1.269442899958016e-05,3.512104893895672e-05,4.3424955800292885e-05,2.2460784947134606e-05,0.00014670262754531982,8.120115996211206e-05,7.992036340209838e-05,2.7165405959994572e-05,3.293168166207546e-05,0.00011368134772034733,6.72974909862018e-05,4.5953768752239e-05,6.690778771616546e-05,8.839410017055706e-05,6.448324808935781e-05,8.642566025337433e-05,4.765943207338773e-05,5.856619072947553e-05,0.0001097805854542765,5.889078362858284e-05,0.00010848070364541558,8.682171067476421e-05,7.645311938240726e-05,0.0002475672504329337,0.0003391809703535459,0.00014446491928641822,0.00010174661449932967,0.0002161785478374447,0.00013428274618207912,1.2189222054489503e-05,0.00015352894388648676,3.001828387384927e-05,0.0003124507742042679,0.00014694468670110395,0.00011030172692914376,0.00012735827057148985,0.00011051744641100026,4.4481758707361446e-05,0.00011863640642793436,8.806692175684287e-05,0.00015608236760280485,0.0003417229490442473,0.00012460258210193233,0.00025463856577943866,7.684570264338735e-05,5.633245084606152e-05,7.03337295999524e-05,0.000182352015738684,5.7984099386582154e-05,0.0001276655252561358
0.14318647938951828,0.047985347769277244,0.017592517521775847,0.014240105680975496,0.009860157817795544,0.00655156130728879,0.00457950850630898,0.0032267396931218526,0.002198651506980209,0.0013583732769743926,0.0010244247353374519,0.0009598197721701453,0.0005657169412697227,0.0005097681642197566,0.0005354983286706581,0.0005143508089797844,0.00023408544462979195,0.000325508967081406,0.00029510853418078607,0.00018937434038920897,0.00026554425814335255,0.00020581615713986118,0.0002564119800463121,0.0001355013373584243,0.00030810480413896203,0.0002073662074181088,0.00014665791444812282,0.0002543518492482597,0.00013278812641926596,0.00043771877901496465,0.00010096389982179339,0.00020598139642085853,0.00015051936434018823,0.00017110873350710326,0.0001243535178585745,0.00022750486391439262,0.0002550251689152263,9.733487622068772e-05,0.00023790725436834918,0.00012117751525796876,0.0001654863630370096,0.00016297845185511402,0.00023544250727473588,0.00016077044997309803,0.00015410876207715314,0.00028293606947691567,0.00015904984543376344,0.0003464707674437585,0.00015522215810269814,0.00015978759349852658,0.00022968900242264318,0.0003568084090667242,0.00016845448206234247,0.00029768761055307905,0.00011409516704807658,0.0005011239324263675,0.00020803745267356823,0.0001521623203663662,0.0005311753143855029,0.0001179491314011339,0.0002243434262535265,0.00023743127308618818,0.00023501571715366662,0.00032495821770014456,0.00013793258110824497,0.00014516638875873393,0.000292330701618832,0.0002837537412760194,0.00017844576486263607,0.00017151444656278783,0.00018678188520123437,0.00024273890927608947,0.0002721093068990324,0.00024908632135853715,0.0004001881438172872,0.0002594703595752046,0.00027568090421737496,0.0003028731890511922,0.00021285211862763932,0.0003436682533364535,0.00030279027520758745,0.0002564885805044787,0.0003053322243558292,0.0002803223297521032,0.0002560294109909284,0.00028460950974052443,0.00018272462193425192,0.0005016241648879739,0.00020069529643612898,0.0003593339380764172,0.0002054055281959298,0.0002904377260164203,0.00023914790174743052,0.00024673327605258125,0.0003994941840718474,0.0003163671216594345,0.0002160968429143575,0.0002440136489436351,0.00042993669680038444,0.000339458991251128
0.35416514395698795,0.19038295009452122,0.09203077506506285,0.037064216859628116,0.0105487864789963,0.003507090869623329,0.0017669323035510946,0.0008347982219172904,0.00039115460692781,0.00018384447979079028,8.076361055825302e-05,2.581911214456019e-05,1.0110777090402466e-05,1.8430055102870398e-05,1.699791409196362e-05,1.232320999230616e-05,2.051771698668753e-05,3.685438042601416e-05,1.2294911947213641e-05,2.8521578904063677e-05,6.226431522259133e-06,5.555034059623743e-06,3.1369788212839457e-06,3.937864396625192e-05,1.7952428493162942e-05,2.757879693415441e-05,2.383585933155507e-05,1.3009185037590851e-05,2.639677074127802e-05,2.5932056530069683e-05,3.6008642956541874e-05,1.1215037382393371e-05,2.3468053215569443e-05,1.7910787499952072e-05,2.285445958070205e-05,2.6001303119503345e-05,1.4188153908813693e-05,4.6071758882458135e-05,7.126576991559129e-05,2.0921862031414266e-05,1.3108417545891482e-05,6.273256293605695e-05,3.425442607723984e-05,7.815270067738781e-05,2.5940459637415923e-05,1.834194133784313e-05,1.2084169939925455e-05,1.1891360706758934e-05,3.552061398819225e-05,1.4291314951235708e-05,1.4703465660816572e-05,3.658057247641505e-05,1.0901988278251454e-05,2.885190938755949e-05,4.662558296205082e-05,8.337760313186404e-06,3.145045481685446e-05,3.7737699836797815e-05,2.6541109039525932e-05,1.9201837541042753e-05,1.3886181683505326e-05,1.4359844920770097e-05,4.854699766165566e-05,4.2746386607600724e-05,2.8594512943828096e-05,4.478039168850863e-05,1.165063690711514e-05,3.3984581140402e-05,7.688332763977038e-05,2.3179905007491165e-05,8.373082295423022e-06,1.0005475551813528e-05,3.546286247736957e-05,7.967664989327015e-05,5.0628815575131346e-05,1.4254762605287949e-05,6.126447087376609e-05,8.642834764125123e-05,9.521869135897896e-05,5.6070867875377545e-05,8.620057585537384e-05,0.0001034766129342393,2.9657824709022093e-05,3.211916582052175e-05,4.694528822762954e-05,1.8381960325947817e-05,2.3045536118944778e-05,4.63910721395901e-05,3.4104789308477814e-05,2.2375035901885565e-05,3.529384818954685e-05,3.323222918149844e-05,2.746203778928539e-05,5.4227744334940696e-05,2.9645753248629017e-05,8.23553110642786e-05,0.00018450819729006114,0.00022130606812473187,2.1445029269493224e-05,0.00012117236051903684
0.06259522569549977,0.024872169742911107,0.007928362378132232,0.0014129015464492906,0.0001294948881458082,0.0001538108889462598,0.00013680326069164794,4.517452652554694e-05,1.1605042622491075e-05,1.2846836996485743e-05,1.9196709273220042e-05,6.874446485358643e-06,7.228398174761763e-06,9.058547459021413e-06,1.1144712610108823e-05,7.433791971988284e-06,4.04496001524558e-06,8.531720862036504e-06,3.490918982294812e-06,8.688528975069338e-06,1.0646171636766004e-05,9.55261576604512e-06,1.7606329474089488e-05,9.90790049475778e-06,1.0811350944401119e-05,8.692868497648611e-06,2.021721588431346e-05,1.4096680072383507e-05,1.556081676688836e-05,1.1425991151926451e-05,8.076781387679097e-06,9.785557468248188e-06,2.0646365820780818e-05,2.4884902821948573e-05,1.4970381995339685e-05,1.83916080171776e-05,3.4816810087217535e-05,4.077245189919009e-05,1.354114679161101e-05,6.243608383398942e-05,9.955096968240345e-06,3.9622804339390835e-05,1.881476846766073e-05,3.493891646217011e-05,3.6685753420848454e-05,4.4690771487554356e-05,5.423539552632029e-05,3.461856849035916e-05,3.592580312652871e-05,6.794688194374699e-05,1.0167783441211588e-05,5.846696705924997e-05,1.6578636406441386e-05,6.66789307547738e-05,4.567147077839951e-05,3.6723634471993885e-05,2.4989010141379707e-05,7.909800357183347e-05,2.0892356809525772e-05,6.43964839594269e-05,4.5850642554508255e-05,5.131333672814406e-05,4.0319016654800455e-05,3.640668079815456e-05,4.145716965730139e-05,6.315242839264397e-05,8.0581467728593e-06,4.679017044572958e-05,6.654324938390325e-05,7.340399541075911e-05,2.139127740522712e-05,6.875273338087603e-05,5.204807480559906e-05,4.017190906012977e-05,7.15949569028607e-05,4.6666862252086304e-05,5.8148535311865154e-05,3.7453532951900767e-05,4.0685833029971325e-05,7.689726012138399e-05,2.6803100139587205e-05,1.908462420844182e-05,4.940532762203365e-05,5.397846185648546e-05,4.574045067961164e-05,7.11837616740185e-05,5.5182000265760424e-05,6.403164038188688e-05,6.451823495807423e-05,7.931418487516171e-05,7.92785808258203e-05,5.441023094248108e-05,3.0608740243736156e-05,5.373911518892531e-05,4.698392743306693e-05,5.295720480257162e-05,7.667802088658092e-05,3.871047361102205e-05,0.00010931246921043112,5.044173276897661e-05
0.17066279832720482,0.10217965413688884,0.06288155352741522,0.03534174205768509,0.018958235845651636,0.01002396318087665,0.005252403421715368,0.0026898462151111156,0.001260584984889784,0.0005043273062403436,0.0001980461626728265,9.0856559251006e-05,3.718057213253952e-05,2.9497569805351956e-05,1.2771418216860735e-05,1.2761210839522784e-05,9.265475415393373e-06,9.56581368583855e-06,4.6960655821676106e-06,9.787707087795182e-06,8.343974809137775e-06,9.503154990598759e-06,7.617629989429729e-06,8.16989059895351e-06,1.4465154500455362e-05,1.116632941616563e-05,6.022032436591937e-06,1.3053900416964906e-05,1.3899633564123852e-05,4.1838559276869325e-06,8.620799942916846e-06,6.939950141233401e-06,8.133603464572731e-06,1.309460248673179e-05,1.936929298120807e-05,7.491880372665435e-06,6.953492643810212e-06,2.0283487138336893e-05,1.0030835678834221e-05,8.11110972333799e-06,2.033210982936443e-05,1.5960519557183063e-05,5.7557947666591296e-06,6.831656994945401e-06,5.862197237598128e-06,1.4659897904081472e-05,8.51588625707674e-06,1.7209636807050577e-05,1.0313068156777825e-05,1.59126134930956e-05,5.80610754192387e-06,1.992916987794064e-05,1.9477093196332545e-05,1.2738349410443598e-05,1.0749983023465256e-05,4.857075794102967e-06,2.4301827073825886e-05,2.5022486535722066e-05,7.464859856080905e-06,1.4167988485484993e-05,2.8259684743170678e-05,1.4526311254152065e-05,1.3103012442182795e-05,6.856067081501409e-06,2.540439402370681e-05,2.780748516233994e-05,1.5289852520508864e-05,1.8703659524977075e-05,2.1972079170444708e-05,1.1928204240355231e-05,1.900540830295709e-05,1.2732896322186612e-05,8.806696549038808e-06,1.044411668584314e-05,1.3398165121363383e-05,2.0865651765046892e-05,5.432851658422472e-05,5.595150744527746e-05,2.4895979468670085e-05,9.09161384875679e-06,1.567677493104945e-05,4.4659912762919345e-05,2.195102199567097e-05,2.962939548772935e-05,1.969797261807288e-05,3.004787393918041e-05,2.1278526727952276e-05,2.0319914257253813e-05,1.3499763699308153e-05,2.652898953614465e-05,2.8432597165397106e-05,5.0756018085120864e-05,2.597539874826848e-05,3.3391809406918245e-05,3.5940683938991526e-05,6.5672103449265006e-06,2.6144019829277728e-05,1.1409089432101466e-05,3.5577415832973044e-05,1.4514450045439423e-05
0.0979382513426639,0.048439301256525076,0.02094657463596325,0.007482239380993123,0.0022437176833512403,0.0005600887614597815,0.00011489934233178748,3.7701723251294585e-05,6.287284032793817e-05,2.7349788663439536e-05,2.7926234153994103e-05,4.198242158114216e-05,2.792841902565975e-05,2.043151429911719e-05,1.5661840829921028e-05,3.354313595124486e-05,9.337666088075127e-06,3.6854106705470646e-06,1.5959244627192486e-05,1.8079028408927392e-05,3.0902832170048985e-05,9.633400584826683e-06,1.4888898297431676e-05,6.272815949111319e-06,2.2535993391378448e-05,2.158937453014857e-05,1.6228119997571525e-05,2.699731586795241e-05,1.818813703020113e-05,2.0737003341355348e-05,1.9563882807961714e-05,1.2784134595561157e-05,7.172308964873926e-06,8.593632852841683e-06,1.3861077231096403e-05,2.355717587917357e-06,1.1511815873562034e-05,1.6563339008485493e-05,2.031041441673292e-05,2.8204660195288947e-05,3.6435436891950866e-05,8.001996632996391e-06,1.379462199063632e-05,2.990759571531781e-05,2.3513798304296976e-05,2.697878555810943e-05,1.8655931958554345e-05,5.297491601033313e-05,1.5227430112345623e-05,2.133412608967204e-05,2.9540666801709543e-05,2.6710445708197556e-05,2.2723855713778474e-05,2.9773725555367012e-05,2.6153262134237824e-05,2.9649759772154452e-05,3.686390703872066e-05,1.963384325695262e-05,2.2585618904307887e-05,2.766635595171179e-05,3.849032535891403e-05,1.828691036192292e-05,2.1447754389868458e-05,1.1166921997913951e-05,2.6874114762662566e-05,3.124814347000711e-05,3.905232112428507e-05,1.896670170546699e-05,2.231439525556271e-05,3.5732495005522374e-05,1.7827692414157956e-05,3.222740539159975e-05,5.284149322632185e-05,6.060183359328118e-05,2.0117612685198204e-05,2.5639979444200918e-05,1.793462822644085e-05,2.632921393908396e-05,1.6221658135730378e-05,5.882103346216807e-05,5.676575106691349e-05,2.670576819091249e-05,5.072786153770671e-05,3.614984294460319e-05,4.312321887294446e-05,2.6081814058403762e-05,5.599515344078187e-05,2.2986172598138374e-05,4.256319150212071e-05,4.0977607106686955e-05,1.9876666709695373e-05,0.00010294473913907816,3.0592993330494696e-05,5.6781938938762993e-05,4.9533926070627336e-05,4.5674887812802004e-05,0.00010640569771795932,3.014431617294721e-05,3.576886915893356e-05,2.976374912432998e-05
0.057060753307062395,0.03037092033159748,0.01204001836725809,0.0030270764131369848,0.0010044880028533389,0.00040520279167252903,0.00018243971494049044,4.1711873996682475e-05,3.472395872847903e-05,4.277938090544981e-05,3.663450209008285e-05,5.255588176762975e-05,2.8480153512033053e-05,3.483311147600206e-05,3.9144841336389944e-05,4.215935347196226e-05,4.192992568274258e-05,1.8405071999948247e-05,2.985608884788329e-05,4.787166622764727e-05,2.3017599766244444e-05,2.0038495438371268e-05,5.84654364824711e-05,3.252945429608052e-05,1.3134141571167482e-05,3.447558804833535e-05,7.506125341625821e-05,2.5439966502896472e-05,3.6802571579808126e-05,1.4224430277115659e-05,3.584414255481223e-05,3.674908427905193e-05,2.257596967471449e-05,3.694767488100434e-05,3.527308478808112e-05,2.6727297280359312e-05,3.288611784043802e-05,5.013343993459889e-05,1.2749856613619713e-05,2.853829608334593e-05,1.870770075540132e-05,3.0362091395479108e-05,4.4412483015980803e-05,5.047242378475011e-05,1.7930796925013376e-05,6.605811900842327e-05,2.735224348655182e-05,3.527412394986248e-05,5.624538329242168e-05,2.186620761503828e-05,4.915754705133542e-05,1.5304403990520698e-05,3.941411157806384e-05,7.00186792290823e-05,2.9813513393597773e-05,3.378869809306836e-05,3.8251320637748764e-05,4.735361565186974e-05,2.903044948622481e-05,4.138233461620927e-05,1.6499887080854034e-05,5.422501462873841e-05,8.257187173198936e-06,3.094041812373901e-05,3.569156771645465e-05,3.774633671549583e-05,8.25239471386925e-05,3.0115491734257848e-05,7.107348359229604e-05,3.323362449490167e-05,2.1596047415804493e-05,3.1222436144318056e-05,3.261967655472578e-05,3.070316968048999e-05,1.9697341610907257e-05,3.137181811470411e-05,5.6465768133753444e-05,2.3953931177572498e-05,4.720404130649167e-05,2.178524098079616e-05,5.911487281392504e-05,2.516127582065516e-05,4.210131156198929e-05,3.6034227319439206e-05,1.7835122363331525e-05,2.1025802819416563e-05,4.598929376801845e-05,2.7817996053120048e-05,3.196272748063759e-05,1.1978933681156967e-05,1.2286884141598175e-05,4.208188298628801e-05,2.2934996791249643e-05,3.353327837558146e-05,6.323473120699763e-05,3.766289823933799e-05,1.3215473880393328e-05,3.4693082716769985e-05,1.7104115416884482e-05,2.1045041714923314e-05
0.07858225820313537,0.06275331257275465,0.04171098063995972,0.022308029661131736,0.010887547607020915,0.004610901077708159,0.0014687413265708587,0.0002990273750683055,0.00010056882326720971,7.623533710593e-05,4.3393313041366994e-05,4.828759023407499e-05,3.0416004942878966e-05,1.893621893642498e-05,1.1113050871109829e-05,6.168921665794793e-05,5.57766226300558e-05,1.4992178826682598e-05,2.7852448193172927e-05,2.3897003416288806e-05,2.402946906344809e-05,1.2652422336129868e-05,1.4549453544356056e-05,3.2713786244696055e-05,2.1054315136904587e-05,1.0924090392221964e-05,3.254111814789758e-05,7.3710221002205745e-06,1.1706737053139005e-05,2.137649855522649e-05,1.1162729230593012e-05,1.8546012145881833e-05,1.5080428673031315e-05,1.2893329657744989e-05,2.6787999727500016e-05,1.4587023101831037e-05,1.195841615408912e-05,5.088873078226524e-05,2.4912808841711414e-05,3.7784661173401906e-05,1.1118622639623412e-05,5.716823457920028e-06,2.0014788832318315e-05,2.834299851227378e-06,1.1116422910643332e-05,1.4347502621284221e-05,8.68361041519571e-06,4.3523135791052844e-05,2.887328749188491e-05,8.03720589125163e-06,1.5091352010912508e-05,3.444409496197796e-05,2.449230005033731e-05,2.1594630374802054e-05,1.721316497868411e-05,3.048257967157167e-05,4.0332496159832105e-05,3.123503576493196e-05,2.37938035006194e-05,8.144656926392484e-06,3.457762343677978e-05,1.4992361393163572e-05,2.4393666451196575e-05,1.3203530553756897e-05,1.7592609910910276e-05,2.214437329578419e-05,2.8125909552270895e-05,1.8731331400622758e-05,3.3572626608069465e-05,1.104205542095028e-05,2.4595956440651045e-05,3.0451741773040642e-05,1.945028399522107e-05,9.35767702265998e-06,1.2720649043235308e-05,2.6895088189794642e-05,3.451260509704503e-05,1.582478897410903e-05,1.309925879452718e-05,5.7109078442627026e-05,4.227030517685044e-05,1.4910144457130724e-05,1.844882405850547e-05,3.0790596499983896e-05,2.391858582758788e-05,1.587051972628764e-05,1.2861041986869652e-05,2.087253711560266e-05,3.671147126653484e-05,1.630933421747514e-05,2.960145442558912e-05,5.545713130171508e-05,4.3862636623427126e-05,5.872128159955658e-05,4.002796311301869e-05,3.381008340480979e-05,8.776567865703408e-05,2.015775582127669e-05,3.6107718381666286e-05,2.947490700383037e-05
0.05958183012137106,0.020360847409197573,0.004286429808838408,0.000868824981697367,0.0008409404820471362,0.0005300167812951694,0.0003046748914461504,0.000168798723635554,0.00010972820301850968,7.956171780336267e-05,4.8698107858986296e-05,3.1253069678777255e-05,1.9914261737741557e-05,1.4560305864477132e-05,1.7912755375786068e-05,9.059307605415216e-06,1.50993177143838e-05,6.0364348193979985e-06,8.92938949097785e-06,1.953500628898864e-05,1.219185376324786e-05,1.3629285936967493e-05,2.0929796029301976e-05,7.34345131186097e-06,3.5362618080246972e-06,5.303286943335913e-06,1.6881902760564497e-05,1.4994626408176358e-05,6.229567883401664e-06,4.917451089984044e-06,6.769496605605057e-06,1.3612276529186137e-05,2.4510211339423986e-05,1.2781930642512013e-05,4.989279494464413e-06,9.815556191161365e-06,7.801453491659876e-06,1.4634734066568077e-05,8.217851348274843e-06,1.2086102726929521e-05,1.752739109519858e-05,1.7652999040543705e-05,2.0269122163681686e-05,1.4137023321499685e-05,1.244012804002922e-05,2.078222745240985e-05,7.94065442095344e-05,4.9109597934517966e-05,2.56908037536089e-05,3.2381121064695006e-05,2.5389033764586627e-05,2.3234555544392944e-05,2.622325151755106e-05,1.989423432533096e-05,1.5105671689594961e-05,1.3319096099822245e-05,2.8003209192372053e-05,3.7310880077994835e-05,2.62366534168225e-05,1.4814368365920489e-05,2.1003650499155428e-05,1.2054066099863433e-05,2.1008282012703435e-05,1.625235894949059e-05,2.409910292883736e-05,2.8275680657911462e-05,8.821863838426312e-05,2.6371032698027952e-05,2.4474545651566702e-05,1.8121172286800886e-05,2.9664832019231936e-05,1.4335230713439217e-05,3.2367293292225464e-05,1.6987717060039484e-05,2.850999092621404e-05,2.6264449769342018e-05,1.0902589922493855e-05,5.188416600484672e-05,3.8117037817350435e-05,3.500153635481646e-05,2.017744631668871e-05,3.22456775006994e-05,2.91457384783245e-05,1.4872074904442648e-05,4.426134872953058e-05,2.372365947825859e-05,4.483626104439869e-05,3.244342044965326e-05,4.5914246892666015e-05,3.777648414029003e-05,3.672013165082941e-05,1.676386788593859e-05,2.690392244293817e-05,5.433289751723429e-06,5.816222295603933e-05,1.583709514112186e-05,3.604616274828975e-05,2.4739199429261487e-05,3.5404461731156295e-05,3.3101812500222254e-05
0.1496600397198935,0.0786107142089712,0.038591068637696006,0.01512634377582192,0.004306846149795278,0.0008162444138950743,0.00014060880765049205,9.402929416714357e-05,7.637190025411215e-05,4.786216090864889e-05,3.049297427303076e-05,1.0425318043279536e-05,6.243324088419121e-06,7.341122402675678e-06,1.2903500561892048e-05,6.91475468092578e-06,6.274922444703319e-06,6.718811885549092e-06,1.401408030292557e-05,7.593961510655703e-06,1.191815949365307e-05,8.514792339859678e-06,4.834633058708484e-06,4.1979332795324316e-06,1.1023972132223874e-05,1.2856465224754447e-05,9.886479889050122e-06,8.675556400113599e-06,1.7867957289523445e-05,6.518350464091431e-06,1.1776232631594886e-05,1.6748049233920566e-05,8.364142072330317e-06,7.005602413785501e-06,2.3913067317937977e-05,1.40414388539559e-05,1.6108687047403187e-05,1.3795301138107652e-05,1.5532786734094063e-05,8.051925695065762e-06,1.2709195127193174e-05,1.6161418681280617e-05,6.968899879862404e-06,1.7847960043420284e-05,2.6791620475699433e-05,2.2156401093582022e-05,4.2945121637564126e-05,2.381870731543462e-05,3.2910710229244484e-05,4.683572188057925e-05,1.1352296314144942e-05,1.2028165155540152e-05,2.3596212556422197e-05,9.363462392922562e-06,1.8049880308777167e-05,1.1375610065099123e-05,1.0418949018293632e-05,1.806659738580392e-05,7.802456824900004e-05,1.4952115367523193e-05,9.510461501517025e-06,1.9836693207987175e-05,1.0592841022590242e-05,2.1349660921130695e-05,3.772214505721062e-05,2.5478313182338162e-05,1.4663349347814828e-05,2.670689604182563e-05,2.1676263044213456e-05,7.948915731561786e-06,3.723232291392726e-05,2.1603426145398567e-05,4.7497067411614996e-05,2.8102705503664562e-05,2.2044655115015547e-05,9.019158155892438e-06,1.8717932941345614e-05,1.0613220738163343e-05,6.524455891377025e-06,3.9364369361002997e-05,7.2633199127757956e-06,2.638432284214555e-05,5.826623519296261e-06,2.7862819454398457e-05,8.173991715424668e-06,1.4647413969391006e-05,5.581611584870322e-05,1.0877348790701707e-05,2.9757289768287534e-05,8.636779912059837e-06,3.9031278788404816e-05,1.3958365089213206e-05,1.658673270465863e-05,1.2434342317223067e-05,2.1727144492282536e-05,2.8114789927929795e-05,1.8237494135559834e-05,1.957297879719611e-05,1.8203735295901367e-05,1.613553926587682e-05
0.05578861429417114,0.01370983230279,0.005065509854495545,0.004556630181713523,0.0031382559054860745,0.002226770474886145,0.0018990904218939462,0.0015975479507962962,0.001310422369708431,0.0010641514111730198,0.0008434645019092453,0.000630979880369867,0.00047111886538329294,0.0003127672059762435,0.00023018516613540195,0.0001491812214588073,9.474249368972548e-05,7.932257748546706e-05,4.415424464793985e-05,4.544230645151992e-05,3.065812458035008e-05,3.098201398912421e-05,2.676245212413484e-05,2.0051229148745865e-05,2.7045632031978707e-05,2.311060083067169e-05,1.7028656269684745e-05,2.846167842420144e-05,2.242656988181034e-05,2.6157434233102774e-05,3.52015882115275e-05,2.0237835801467522e-05,1.2609344296922368e-05,1.4042837263794888e-05,1.1386283786005304e-05,1.9806987915927944e-05,3.548085829800022e-05,1.2100625320771261e-05,3.2710741342135165e-05,1.3162727120506377e-05,3.268372084686336e-05,1.6022898010087115e-05,1.9590100192933967e-05,2.537737212527708e-05,8.788829525062978e-06,1.9982136780003e-05,1.6942335226374266e-05,1.7724425000296015e-05,1.0277613857376468e-05,4.230019630002604e-05,3.173717968682206e-06,8.801708425621143e-06,1.08620288123782e-05,5.615169523976989e-06,3.653099970924931e-05,2.0333059623437352e-05,1.9942094767634505e-05,6.7802771218849136e-06,8.237140928040907e-06,2.8440931749605438e-05,1.6815878168953782e-05,1.1442244877224689e-05,1.6722822715596e-05,2.216839593094713e-05,1.60766767823672e-05,2.1541640644382e-05,1.188699847750501e-05,1.4615474307586311e-05,2.723832959622289e-05,1.4736555504973078e-05,2.7034460674608482e-05,2.1725893481158525e-05,1.9092550739621615e-05,6.179895755355452e-05,8.406466803035618e-05,3.605262655230891e-05,2.546816040064313e-05,5.383293232276171e-05,3.3611297541127825e-05,3.0461478054002815e-06,3.8317579617921644e-05,7.4809684419195155e-06,7.780058139734259e-05,3.627922274828819e-05,2.7588700483668185e-05,3.172713907079427e-05,2.7735744991937584e-05,1.1125890103855977e-05,2.950841798808135e-05,2.1924106342413556e-05,3.926983937646799e-05,8.412390455360496e-05,3.1078230886553504e-05,6.334970044281087e-05,1.9066261903762336e-05,1.4092381167599056e-05,1.757133933726128e-05,4.553648815132957e-05,1.4474396653213146e-05,3.185561597871878e-05
0.03720160055735482,0.012200925729138064,0.004243584053014204,0.00314751038002426,0.002357924182721143,0.0016072940928028936,0.0011132288864855882,0.0007775194144676082,0.0005276990677284993,0.00032827132157974763,0.00024807386717022335,0.00022988472446321148,0.000137328046293433,0.00012387423736583895,0.00012950927772165997,0.00012462751478332533,5.773024083994259e-05,7.94521419866741e-05,7.22127822986862e-05,4.646851307704323e-05,6.508738987012026e-05,5.062558206205036e-05,6.262777991634766e-05,3.341476323996418e-05,7.569482027927424e-05,5.113028019963457e-05,3.6228127167782516e-05,6.24175661221298e-05,3.301918428385902e-05,0.0001069267490989255,2.49667131773637e-05,5.063220738344096e-05,3.711354113911168e-05,4.208700146635623e-05,3.065865997952893e-05,5.579211587121392e-05,6.229933617321495e-05,2.4151679409260113e-05,5.825307424060067e-05,2.9899415001652627e-05,4.063705259818812e-05,4.0085924127385354e-05,5.7925494199534504e-05,3.95966503115773e-05,3.8095849946913774e-05,6.941209045702862e-05,3.9488375421486886e-05,8.454026287286586e-05,3.82987049813166e-05,3.9280859776493534e-05,5.614379874233902e-05,8.799449708087817e-05,4.166467163890775e-05,7.307894198147444e-05,2.8361876534647137e-05,0.00012156707617254728,5.165378015330418e-05,3.783820698202787e-05,0.00012857773379295885,2.9225499267967696e-05,5.531248198971763e-05,5.808604618573926e-05,5.7823896278592067e-05,7.913575580720267e-05,3.393269216156604e-05,3.599332879512514e-05,7.124989826318e-05,6.992321197159882e-05,4.387968378149207e-05,4.2291231365972346e-05,4.601474618371901e-05,5.951898019433819e-05,6.656230388699711e-05,6.142662404156689e-05,9.807666806312793e-05,6.392457173038085e-05,6.818062296833561e-05,7.472886853645079e-05,5.236853938077942e-05,8.385967498836327e-05,7.465742947499897e-05,6.271969687745973e-05,7.533484355140411e-05,6.902668767223112e-05,6.253219847085479e-05,6.990050130530795e-05,4.49005119211402e-05,0.00012269242779695626,4.969901992396509e-05,8.843152510925245e-05,5.0455208034785874e-05,7.096466102027765e-05,5.870597335000459e-05,6.082830585660053e-05,9.755032465927394e-05,7.748608922985073e-05,5.328998557036152e-05,6.044279326160844e-05,0.00010496285434586998,8.342589799094683e-05
0.08129545816024922,0.04747437657914754,0.023990629932687677,0.00959249876906741,0.0027251047795417583,0.0008986912572749574,0.0004455668341724436,0.0002103281616438234,9.792717224170228e-05,4.5830937230111845e-05,2.01708620572302e-05,6.4717637626190405e-06,2.5244983705458458e-06,4.621455696874002e-06,4.241385987846235e-06,3.0868497815840397e-06,5.150209341547884e-06,9.23089260253341e-06,3.0813839259939354e-06,7.142353585495485e-06,1.5458291960122268e-06,1.3905746334015568e-06,7.868496915748472e-07,9.867117970643175e-06,4.4955349064550445e-06,6.893668021940611e-06,5.972267856182469e-06,3.2394611769485997e-06,6.595677257152892e-06,6.517611179995739e-06,9.022601017272054e-06,2.7944031651686496e-06,5.877327614523263e-06,4.464737938401199e-06,5.712976879558327e-06,6.518666218339183e-06,3.5411611555504104e-06,1.1503195480595715e-05,1.7813305351500497e-05,5.2357561908148275e-06,3.28649365067456e-06,1.573670883871984e-05,8.555420289701305e-06,1.963967473809003e-05,6.475427484071885e-06,4.588947467851007e-06,3.0410621024579415e-06,2.9866647546571785e-06,8.883851558727398e-06,3.5710468348372887e-06,3.6841349119972645e-06,9.189693181829966e-06,2.7365557552230736e-06,7.21398058989135e-06,1.1684955465196415e-05,2.0837066722751812e-06,7.848594961911088e-06,9.475382962805454e-06,6.6533592462177e-06,4.803267411958301e-06,3.4577404985502594e-06,3.610105198199897e-06,1.2126658044081843e-05,1.0671544149697057e-05,7.137159555973031e-06,1.1198818086690755e-05,2.9137048923076404e-06,8.506451359856855e-06,1.925485383365619e-05,5.7983803757878346e-06,2.0956817822718598e-06,2.5093168571749236e-06,8.845380477689259e-06,2.002245699816611e-05,1.2676391873563367e-05,3.553099019852591e-06,1.5329202539564617e-05,2.1606528193635934e-05,2.375958610136941e-05,1.407461802071001e-05,2.157572341471176e-05,2.5865769804247772e-05,7.4239989941161095e-06,8.037682693096463e-06,1.173988395185413e-05,4.5820952360145815e-06,5.764853843701099e-06,1.1621054256983417e-05,8.530246174587417e-06,5.599282701668591e-06,8.816632211216136e-06,8.31436527337664e-06,6.85721029078517e-06,1.3585450664479977e-05,7.379198988051444e-06,2.0692611169402547e-05,4.591817411095785e-05,5.582766549874389e-05,5.346212088003124e-06,3.023990215539574e-05
