0.9916572638431033,0.9788812861865586,0.8186707905542111,0.5231031290884689,0.31778013877073846,0.20979135033457838,0.13941718447480084,0.08450569448007886,0.047457612523410804,0.03042436885276654,0.023225847558991555,0.019115308587113085,0.01610688274498531,0.013925266936555339,0.01221988169807002,0.01063638826396715,0.009139087401967592,0.007833690600888819,0.006720115349412088,0.00574591462049168,0.004885724414044385,0.004130086424197472,0.003468495936022699,0.0028927227166709382,0.0023963657729517106,0.001971861935931695,0.001611412285469579,0.0013078962487007998,0.0010544841590616116,0.000844645953996046,0.0006722352721064114,0.0005315930276255541,0.00041776710734950807,0.00032624549543268334,0.00025315254666937815,0.00019535772420930467,0.00014972418621582526,0.00011413744769865185,8.648791181287336e-05,6.512482866121686e-05,4.8740569449793334e-05,3.628864456272892e-05,2.6907865560024213e-05,1.9742257795021876e-05,1.44339705813475e-05,1.0484467503003706e-05,7.629900500070498e-06,5.4998266127226705e-06,3.920182073213036e-06,2.7692308468198635e-06,1.907826515530381e-06,1.4046012119550732e-06,9.26531896229939e-07,6.733191909019524e-07,3.959127488729826e-07,3.3892455807300046e-07,1.8637723534502715e-07,1.392882698467206e-07,1.0085768352821237e-07,4.220391123248735e-08,4.796262131305919e-08,5.35718856772835e-08,2.1242649305595006e-08,-4.877841039682614e-08,-6.06420840477918e-08,-5.0527932735420136e-08,-2.636619008802434e-08,1.8967332499617964e-08,-5.076458151070894e-08,5.677212239251032e-08,3.967887949022112e-08,7.803386355970206e-09,-3.517206025326621e-08,1.130784981445203e-08,-2.7857436872674278e-08,1.3089112344066717e-08,-6.88815361926923e-08,-2.7915365015368482e-08,2.236784015232893e-08,-1.67511972108465e-08,-5.577762240201612e-09,-1.1168682981705148e-08,-1.3032297484374228e-08,-6.332471216031799e-08,7.455497395699977e-09,1.1180339144755797e-08,1.11798693068069e-08,-3.7214501407017565e-09,-5.58469667702768e-09,-2.9799570812098282e-08,6.51952661947647e-08,-1.6761352407268377e-08,-5.7739600883830035e-08,-4.097622679128106e-08,-4.097640655290962e-08,3.352926581212136e-08,-5.587799150823455e-08,-8.568026918310972e-08,-3.7239898324458494e-09,-7.449375645908269e-09
0.7084436232934569,0.42135664675454826,0.24016303680556356,0.18254304547597044,0.14510067264687984,0.09361485508711945,0.06071870847261165,0.04756040686585494,0.04053369046453778,0.034459683199534644,0.02783042370495828,0.020865699232550328,0.015034952968286098,0.010939339446106398,0.008182946113903872,0.006271146445682282,0.004798533210830971,0.003579688322506976,0.0025887913811167987,0.001815753029749519,0.00123020373271181,0.0008018545138296545,0.0005023249037465858,0.0003031936479082002,0.00017695769032106436,0.00010034735007420279,5.551135663925974e-05,3.0084303571536986e-05,1.5907707698861056e-05,8.337674951748597e-06,4.24596963121199e-06,2.2034328830651333e-06,1.1058883986975675e-06,4.967243463808259e-07,1.933831592280968e-07,1.3196183398006593e-07,6.093497563514178e-08,4.147231852478107e-08,-5.268955487452462e-08,3.426423878771598e-08,8.001699729878644e-08,-8.312455451952514e-08,-1.6015905859781986e-09,1.4997302254377357e-08,-7.447411743303459e-08,1.863755892662884e-08,-1.1172074238738228e-08,1.3040047557474749e-08,-3.9114974023838884e-08,-4.842838101384889e-08,-2.4214050321825844e-08,-5.587913239533239e-08,-2.0488796397073925e-08,-4.2840556790481504e-08,-9.313032992291298e-09,-3.9115359023871395e-08,2.3047388276049717e-13,-5.587916515236518e-08,9.313440649584306e-09,-1.3038276604195016e-08,-6.332972158920894e-08,2.048925719068469e-08,-6.705499409471527e-08,1.8628467867524103e-09,1.8628467867524103e-09,1.8628467867524103e-09,2.235194836021533e-08,9.313440649584306e-09,-2.4214187369851653e-08,-7.450557322237493e-08,-7.45055992043706e-08,-5.0291230852852094e-08,-2.7939495071493053e-08,-1.6763608757666668e-08,6.146750563647216e-08,3.3527799792714994e-08,9.313475620794075e-09,-3.352736954809384e-08,1.303872969323401e-08,-5.029133712497372e-08,5.588047381767274e-09,-2.2351588120956227e-08,-2.9802177734968157e-08,-4.28407367445613e-08,-9.313077103376705e-09,-6.146717967478522e-08,3.911564222484678e-08,2.607715069147338e-08,1.8626567219068617e-08,-3.7252824842773423e-08,-5.960458158427621e-08,-7.450487385793461e-09,-7.450487385793461e-09,-2.0488979926236188e-08,-7.4504300269998124e-09,5.960473871542733e-08,5.588056641988613e-09,-1.8625707791905416e-09,-1.1175725284017362e-08,-4.6566002157240234e-08
0.44486451115052134,0.23202045458484233,0.17172217578434018,0.12522452440892337,0.08268866703240968,0.05196720397399836,0.02882732131678502,0.014736968667583233,0.007133516943003208,0.0031007780039928744,0.0012284881993438802,0.0004996791789829718,0.00024366665045794252,0.00014770106816151926,0.00010048274094511325,7.018706062447678e-05,4.899821061594501e-05,3.347746828474699e-05,2.273132061125999e-05,1.522719266208554e-05,1.017623985239205e-05,6.72431585425223e-06,4.270058101623269e-06,2.7375271149298274e-06,1.6974466970426036e-06,1.115962074053797e-06,6.73774634313832e-07,4.139271200104741e-07,2.709233128923993e-07,1.3339199566463387e-07,7.770715430088519e-08,5.515469595008933e-08,-7.163333976953812e-09,-3.317257007041912e-08,1.4657000364038585e-08,-4.834291336649776e-08,-7.62598029794459e-08,-3.4387279108608426e-08,2.284368178894382e-08,-1.6162829843923594e-09,-5.575408497548459e-08,2.613778326172524e-08,-7.447819827083798e-08,-4.6551498173914166e-08,-7.449676196168062e-08,3.167192838625482e-08,5.2159359293182934e-08,-1.4897266160553338e-08,-5.401361621356408e-08,-2.793799824705291e-08,-5.0289769407952804e-08,-7.449525552797724e-09,-1.861646135847379e-09,1.3039429197985818e-08,1.863512091254068e-09,-6.705429487773902e-08,-1.3037653948030849e-08,-4.842793518404877e-08,-4.097736579167158e-08,2.0489961094531862e-08,2.0489961094531862e-08,-4.097736579167158e-08,-4.097736579167158e-08,-4.842793518404877e-08,-4.842792916937746e-08,2.0489961094531862e-08,-4.097736579167158e-08,-4.842792916937746e-08,2.0489961094531862e-08,-1.3037653948030849e-08,-4.097736579167158e-08,-4.842792916937746e-08,2.0489961094531862e-08,-4.842792916937746e-08,-4.097736579167158e-08,-4.097736579167158e-08,2.0489961094531862e-08,-1.8618511170482099e-09,-4.097736579167158e-08,-4.470266262782477e-08,-5.9603902070053156e-08,5.588684569803156e-09,-2.6076301202753252e-08,-5.9603902070053156e-08,-3.166421961610455e-08,1.8627049636096072e-08,-4.2840338586935665e-08,-5.9604084132078426e-08,5.0291971466884334e-08,4.863529025159097e-13,4.65664498864859e-08,3.377669756198652e-13,-1.8626121484373243e-08,-5.960435029185586e-08,-6.146701392956527e-08,-4.470317872390043e-08,-2.980203509266744e-08,-1.1175622242037973e-08,-7.4503145227888224e-09,-3.725010925702881e-09
0.31880895212338056,0.27300730652752625,0.2341483466230054,0.19075136867711895,0.14266585289174466,0.10491393927222256,0.08459559704098599,0.06637417551936509,0.047775875267690594,0.03474014682266768,0.025998558078296707,0.019070014014574945,0.013720936772529377,0.009978897255080926,0.007418434759222645,0.005578494391765519,0.004118415445678215,0.002919882894239633,0.001993996124040105,0.0013269715986067975,0.0008685355237422099,0.0005621968674672504,0.0003593461437356989,0.00022603352143005175,0.00013986157050478655,8.513075977608503e-05,5.094288808109266e-05,2.9995936365193553e-05,1.7393266025272328e-05,9.78707137000613e-06,5.492016561825432e-06,2.982649256178625e-06,1.557411650960822e-06,8.353568525469303e-07,4.658726406919352e-07,1.9665129351794665e-07,8.386873093424094e-08,8.570396866097102e-08,1.6738310494682104e-08,2.4313084943912712e-08,4.17487501783038e-09,-4.010597142183215e-08,-4.536387321236233e-08,-8.794030218516894e-09,-1.840696569290807e-08,-3.530226655244057e-08,-7.415235407826481e-09,1.1193440059640934e-08,3.734225706718255e-09,-4.46961746323824e-08,3.5397408770294204e-08,4.284779396615932e-08,-5.214730863303394e-08,-4.469715726250756e-08,-4.469715726250756e-08,-5.5816993487540866e-09,6.51140427231615e-12,-9.685138799247245e-08,-9.685138799247245e-08,-9.685138799247245e-08,-9.685138799247245e-08,-9.685138799247245e-08,-9.685138799247245e-08,-9.685138799247245e-08,-9.685138799247245e-08,-9.685138799247245e-08,-9.685138799247245e-08,-9.685138799247245e-08,-9.685138799247245e-08,-9.685138799247245e-08,-9.685138799247245e-08,-9.685138799247245e-08,-9.685138799247245e-08,-9.685138799247245e-08,-9.685138799247245e-08,-9.685138799247245e-08,-9.685138799247245e-08,-9.685138799247245e-08,-9.685138799247245e-08,-9.685138799247245e-08,-9.685138799247245e-08,-9.685138799247245e-08,-9.685138799247245e-08,-9.685138799247245e-08,-9.685138799247245e-08,-9.685138799247245e-08,-9.685138799247245e-08,-9.685138799247245e-08,9.31975913727755e-09,9.31975913727755e-09,-6.332370938935177e-08,-3.352153928306099e-08,5.923777418716105e-12,4.843438254299336e-08,-5.5873584735374484e-08,5.402260890345605e-08,-1.675818096585411e-08,-3.9110576881102474e-08,-1.3033311812573078e-08,5.592549899232247e-09
0.18180767996794556,0.12439100603569425,0.054806114753683105,0.019373852267482103,0.01067792909563453,0.00726762012706306,0.003143579774259187,0.0011913997678005238,0.0008030494292690054,0.0004982753382717854,0.0003172391336546071,0.00018834288661442357,9.837153782432998e-05,5.270725628472243e-05,2.9830741863440854e-05,1.7576133692046633e-05,9.502894672244213e-06,4.7962534254735855e-06,2.394781835807417e-06,1.2263243040800824e-06,5.664354874355899e-07,2.8897405796620405e-07,1.195064680092958e-07,4.7763646225737076e-08,5.081724874237472e-09,-2.8394268363856107e-09,2.3542483368930618e-08,2.7145538339834848e-08,-2.760326744649018e-08,-3.3431765078025604e-08,-5.5604397282952954e-09,-4.655858467736019e-08,-1.86044424002689e-09,-1.8624854187843714e-08,-5.401509654509003e-08,4.284235787447195e-08,-1.6762314133238576e-08,-4.0976687202608256e-08,4.284235787447195e-08,-5.586559760772459e-09,-4.0976687202608256e-08,-4.0976687202608256e-08,-4.0976687202608256e-08,-4.0976687202608256e-08,-5.586559760772459e-09,-4.0976687202608256e-08,-4.0976687202608256e-08,-4.6564628517817546e-08,-4.6564628517817546e-08,-4.6564628517817546e-08,-4.6564628517817546e-08,-4.6564628517817546e-08,-4.6564628517817546e-08,-4.6564628517817546e-08,-4.6564628517817546e-08,-4.6564628517817546e-08,-4.283959885516886e-08,-9.311821161762868e-09,9.314404957262569e-09,-2.048772728089527e-08,-5.960342021028278e-08,-1.1174813393036445e-08,-7.449626980569012e-09,-6.519165001837768e-08,-2.7938755110495376e-08,7.451506886841048e-09,7.451506886841048e-09,-1.8625484368934867e-08,1.1176831706751391e-08,1.1176831706751391e-08,1.1176831706751391e-08,-1.3037758747764653e-08,-7.449765977055494e-09,5.588790787980527e-09,5.588790787980527e-09,5.588790787980527e-09,-3.7244473361694246e-09,5.588790787980527e-09,5.588790787980527e-09,-3.7244473361694246e-09,5.588790787980527e-09,5.588790787980527e-09,-3.7244473361694246e-09,5.588790787980527e-09,5.588790787980527e-09,5.588790787980527e-09,5.588790787980527e-09,-3.7244473361694246e-09,5.588790787980527e-09,5.588790787980527e-09,5.588790787980527e-09,5.588790787980527e-09,-2.421346756625625e-08,-4.284008467174932e-08,5.588719846410508e-09,3.7260596843498195e-09,-5.587870320259132e-08,1.863247071778026e-09,2.98029254013661e-08,2.2352333796629303e-08
0.3226644890137209,0.06381547933522363,0.003036958059435862,0.006107916207969176,0.008630481112266906,0.007401847381799427,0.00553218197258789,0.004235302283397294,0.0031118928348404474,0.002352571310331329,0.0018976011341509534,0.0015423367856210101,0.001265075294604299,0.00107187961811696,0.0009340698464974637,0.0008361166774088322,0.0007555913546947472,0.0006868324160585165,0.000626787379810733,0.0005741196833375011,0.0005263869088573334,0.00048280863540543155,0.00044248719588981704,0.0004052009900601895,0.0003708241552552729,0.00033886410858831176,0.0003093703739117527,0.0002821305233397304,0.0002569606042884491,0.00023386389088733142,0.00021260653831629232,0.00019307292754175745,0.00017513607702882461,0.00015882732546487006,0.0001437685336270584,0.0001300822060836623,0.00011761947765236635,0.00010612002896401534,9.579325259881512e-05,8.635502868755698e-05,7.776288187444634e-05,6.997242935631234e-05,6.28405748717961e-05,5.6449488430305886e-05,5.0676826194795345e-05,4.532445115962118e-05,4.065625036535781e-05,3.63610482380384e-05,3.249918418893804e-05,2.901220380796218e-05,2.5934287151057895e-05,2.3049476819442385e-05,2.0495006530646154e-05,1.816771496365076e-05,1.6146277956034197e-05,1.4378989095158618e-05,1.27377599820056e-05,1.126123240320848e-05,9.925866253217633e-06,8.829516456115442e-06,7.750399604672159e-06,6.840276865994793e-06,6.054070303705884e-06,5.37544210955881e-06,4.675319006139042e-06,4.052058869417663e-06,3.580847134778168e-06,3.1456277593723146e-06,2.7135293298303874e-06,2.371923154529133e-06,2.1667875553658852e-06,1.745516447863415e-06,1.5697675146329355e-06,1.4066269968125082e-06,1.1795373664682615e-06,9.690139127407007e-07,8.794298703087924e-07,7.983103459663886e-07,6.301154601965649e-07,5.597800665977956e-07,4.84715339894142e-07,4.52159461844972e-07,3.4686561784436407e-07,2.719094533396172e-07,2.896418791161703e-07,2.689366859548857e-07,2.1448042559447722e-07,9.583973378673609e-08,7.992081719554125e-08,9.738157866491493e-08,1.1236448275785699e-07,8.899715037290409e-08,6.423656149770906e-08,-5.12901901464317e-09,7.434820863827727e-09,5.6756424006372585e-08,3.04295939746798e-09,-4.907101171068443e-09,-1.5652244650852174e-08,1.350743573035832e-08
0.4077175702977275,0.14267481444700011,0.09583297092784811,0.09724586467744761,0.07733999266608517,0.058624075995171845,0.04671059421976631,0.036730876902781595,0.029131415245009763,0.022773992996265667,0.017542204969932695,0.013616011211633222,0.010598026760509431,0.008274291144167573,0.006515770776814628,0.005185081884166088,0.004176050263536061,0.0033937980183685445,0.0027808267452921875,0.002293895069896893,0.001899295499853705,0.001574754898237655,0.0013056981791784183,0.0010818084356926747,0.0008948955408340357,0.0007388388649153181,0.000608345732997024,0.0004996522355179085,0.0004091423568098377,0.0003341592538360458,0.0002720793030893563,0.00022080624735024872,0.00017881765642685,0.00014419570552319906,0.00011596013825391208,9.300012980116156e-05,7.439127118946605e-05,5.927000190595678e-05,4.703343446209145e-05,3.731878295792321e-05,2.943813341724219e-05,2.321265028470821e-05,1.8185013537505768e-05,1.414183097937785e-05,1.1073159082407167e-05,8.598910791533462e-06,6.632439337041167e-06,5.082318826104016e-06,3.894245919696174e-06,3.00133900490895e-06,2.326775038548386e-06,1.8003674983471389e-06,1.316064764308207e-06,1.0332727226793889e-06,6.875859828218923e-07,5.467873205977124e-07,3.8637518993535976e-07,2.759396895214128e-07,2.4958958086247437e-07,1.4869879280019776e-07,1.3384616820065286e-07,1.1386149086652036e-07,6.144113341798533e-08,-2.3578951755071913e-08,2.8518539214241143e-08,6.548884632225541e-08,7.902218502404379e-08,-2.659134248507716e-08,8.925181420549109e-09,-6.71396273462311e-09,-6.259159053502225e-08,-1.5470906000884114e-08,-4.0627699464709676e-08,-2.8726190854307865e-10,1.4137322572153676e-08,7.468886538822151e-10,2.845304483518989e-08,-8.960263751655234e-09,-5.5630239549485145e-08,6.349870268217324e-08,-2.5957353851830895e-08,-2.971538592001433e-08,-2.9737766336746256e-08,-1.4851880357669238e-08,-4.0939785812912616e-08,-4.0948782818748355e-08,-4.0952187853066044e-08,1.88360434050363e-09,3.744191770114588e-09,4.6581940199151535e-08,-1.861163926194901e-08,9.325926451381326e-09,4.471396017542272e-08,6.892758184401839e-08,-4.096904999847785e-08,7.997343789548595e-12,-2.234449066937812e-08,-1.861989437625892e-08,-5.0285025323379036e-08,-1.8567040990260656e-09
0.6157741549448084,0.404297673112545,0.2131714424575214,0.08916245658645378,0.03582701996998265,0.015084034532686561,0.005091678292869042,0.0018400746929278086,0.0010656219999474886,0.0006715542265577472,0.0003953962939692731,0.0002735712046389384,0.00021989608974655353,0.00015312029941115415,0.00011068027855615171,8.328182274262332e-05,5.932627572788156e-05,4.046238892650364e-05,2.7953781654211566e-05,1.9220147482333606e-05,1.2883270582475092e-05,8.673116790358637e-06,5.7663675843272195e-06,3.814852116038931e-06,2.510585576301832e-06,1.5866253478929836e-06,9.217762838921212e-07,6.171796607977247e-07,3.3864349974759716e-07,1.8038985718570684e-07,1.8035305981027095e-07,7.716018187153693e-08,5.6500406791437305e-08,-1.8881622128510544e-08,4.6649483528288243e-08,4.1215170013117467e-08,4.999929183243732e-08,-4.7358082654136386e-08,7.14390437370196e-09,-6.061422242331745e-08,-4.240790437757223e-08,-1.0034533248220043e-07,7.570882664882725e-09,-5.528789455244976e-09,2.4244309629448207e-08,4.6583960579069154e-08,-5.574821408715825e-09,-6.332308343687977e-08,4.4708636469338584e-08,3.353147223312205e-08,1.6766281514659276e-08,-4.0976096723437314e-08,-2.7937545409799502e-08,-1.0244409626842148e-07,-2.2350817660574735e-08,-2.4213392744054055e-08,-6.146631996569916e-08,-6.891684331761865e-08,1.8636110945281236e-09,-5.7741084706327766e-08,-1.6762979481228368e-08,-2.2350803485754753e-08,-5.5878620520376853e-08,-1.3038074817490534e-08,3.352829825396645e-08,3.91161366451636e-08,-3.166440831474105e-08,-3.725240824326621e-08,-7.636801210327509e-08,-3.1664397493521016e-08,2.607752015280785e-08,-1.8626080311945873e-08,9.313981905663122e-09,-4.097776290379435e-08,3.9115942912748575e-08,7.451047384984783e-09,-8.009326872851053e-08,4.470386056820104e-08,-5.587885792713011e-08,-5.587879456543634e-08,-2.9801799122136013e-08,3.7257972134054855e-09,-1.8625926183079402e-08,2.048947753099953e-08,-7.264276570049124e-08,1.490167801628321e-08,-2.60764854361091e-08,-2.0488414463261494e-08,1.490170544405665e-08,-5.5878954426326054e-08,2.421477335260738e-08,-5.5874813723405364e-09,-3.5389709892279136e-08,-6.332937806489011e-08,-2.607656333939949e-08,-2.421397162006271e-08,-6.33295823702823e-08,1.863047151912163e-09,-5.0290868097554235e-08,-1.4900763678977802e-08
0.3406377489781552,0.19020124519241544,0.09484295156881936,0.04505666182881546,0.019393774649814004,0.009912054238339574,0.005707021832756356,0.0036568802769037616,0.002501118741995349,0.0013635350569173787,0.0007360148936668169,0.00038742912578509665,0.0002086889019053753,0.00010720068304314158,5.285211514741747e-05,2.3853866113263253e-05,1.0723831951714468e-05,4.749134173211188e-06,2.1166151057269375e-06,1.0051631594573072e-06,4.4981032198255057e-07,1.3434693117985878e-07,9.409054031351534e-08,7.945006923175316e-08,1.6241896367753212e-09,1.079783430762143e-07,-5.0952748189730436e-08,-4.595744747974652e-08,-9.077756945854731e-09,-5.6771628548845084e-08,-5.164538109491898e-09,-5.942749373939164e-08,-7.442941131369637e-08,-5.398719805203768e-08,-6.145626012997569e-08,-2.234552961629333e-08,1.117909579581412e-08,-5.0288791053078424e-08,-2.607447572562789e-08,-7.077811992469341e-08,1.6766168737020407e-08,-2.4212014151272517e-08,2.4216826629900844e-08,-1.8624038276879203e-08,-1.3036334753228144e-08,7.452912745133248e-09,-4.8426465019499975e-08,6.333226562289165e-08,-2.607478517140015e-08,-6.89155919421874e-08,-4.470125405526762e-08,9.315218570053224e-09,-2.2349784322996343e-08,-2.98002942997743e-08,2.4216268556766763e-08,-1.3036505511782141e-08,1.6765615365949123e-08,-6.146545365185247e-08,1.8643522877085734e-09,-2.9800752119553093e-08,-6.332831271309114e-08,-2.9800644687182222e-08,-3.3526058387820246e-08,4.097979775339027e-08,-4.470202204062971e-08,6.146893119163267e-08,-2.0487564699802697e-08,-3.9114030590452114e-08,-3.166345375406512e-08,1.864256750428818e-09,-5.586380827567008e-09,-1.8624871582832523e-08,5.401828722899801e-08,6.891943190732523e-08,3.166654916518264e-08,-3.7237138286666048e-09,-9.311757057364906e-09,7.451977731826218e-09,-4.283944992649013e-08,-7.26419291164866e-08,1.8627774411960285e-08,-9.311893965067538e-09,2.607846440971763e-08,-3.911421306481613e-08,-1.3037242932383015e-08,3.726496418899336e-09,-2.2350654714932235e-08,2.4215450106476674e-08,1.3039435894330266e-08,-6.146631653718849e-08,7.264416520498977e-08,-1.1174915687004794e-08,-3.1663979316973786e-08,1.1176625020193515e-08,6.891868473174592e-08,-2.2351028244149374e-08,-9.312569129829032e-09,-6.891716016782905e-08,-3.9115011818663925e-08,-7.450514927654355e-08
0.17765009936833126,0.07500993271801366,0.056575510671713874,0.035693434520063363,0.023564976787194693,0.01763619421439113,0.014423443541412357,0.012260772518113779,0.009199403998439715,0.00650085641087076,0.0047783088060751565,0.0035696334103241193,0.0026183720496420265,0.0019055289216709688,0.0013810889624079619,0.0009967490035589252,0.0007136229318071073,0.0005027467511925707,0.00034977355991081373,0.00024116769554701845,0.00016419173683350973,0.00011044276229351584,7.342341466331983e-05,4.82323574139533e-05,3.1288482571973405e-05,2.0103550763870702e-05,1.273407673471513e-05,7.925997282573488e-06,4.881258641124722e-06,2.9751039579101017e-06,1.7726671254206434e-06,1.0967020854870286e-06,6.220267247710389e-07,3.498394265880807e-07,1.5887809828622962e-07,7.04765776595969e-08,-1.6451983024074965e-08,4.033517769604115e-08,-5.7784824530388005e-08,1.727972468911759e-08,1.254130274933658e-08,-4.954198377751065e-08,-3.781575797166555e-08,1.5557106543350618e-08,-5.742442293452546e-08,-3.5804792078655647e-09,6.713035205480266e-08,-3.722080495682707e-08,6.33470020311179e-08,-4.2829897948619426e-08,-1.8620754525416522e-08,1.6768393807179416e-08,-4.842414197244967e-08,-7.636463592810862e-08,-2.9798636543365353e-08,3.9119141025863916e-08,-6.891411324778815e-08,-4.283741610816635e-08,-2.979880034157189e-08,4.656965919263584e-08,-7.636504169908183e-08,-7.636504169908183e-08,7.823458322213575e-08,7.823458322213575e-08,7.823458322213575e-08,-7.636504169908183e-08,7.823458322213575e-08,7.823458322213575e-08,7.823458322213575e-08,7.823458322213575e-08,7.823458322213575e-08,7.823458322213575e-08,7.823458322213575e-08,7.823458322213575e-08,7.823458322213575e-08,7.823458322213575e-08,2.421776202156916e-08,-1.6760806569475535e-08,1.8651951540979676e-09,-6.146478722693008e-08,-2.7937160569150546e-08,5.590264256550256e-09,1.6766501486646842e-08,-7.4477976964814234e-09,-6.14648536090386e-08,3.166752234283423e-08,-4.470092555086146e-08,-7.264081567426222e-08,-5.585608161507678e-09,-6.891593194512732e-08,1.1177748459944484e-08,-2.0487269056843785e-08,2.049101663985729e-08,-6.146551053312296e-08,-3.538854636527771e-08,-6.146551053312296e-08,-6.146551053312296e-08,-6.146551053312296e-08,-6.146551053312296e-08,-1.3036766053971071e-08
0.215154562113653,0.2043546464096586,0.178853986469574,0.12625592639826322,0.07727564280128736,0.05007347724107863,0.034695923734328275,0.021919356571891504,0.012415828900558664,0.00783835320847432,0.005903788912290691,0.0048585517205196795,0.004117185917170003,0.003573254332667629,0.003138703255058597,0.0027301161348298212,0.002342263974528965,0.0020044341868487117,0.001717153054826852,0.0014665125316552761,0.001245571815074532,0.0010517860356673773,0.0008823549317892283,0.0007350735129644679,0.0006082856442849684,0.0005000131353387885,0.00040818527389415837,0.00033095762809353004,0.00026657721845224874,0.0002133244450768369,0.00016961753297897774,0.00013401781373682223,0.00010522730586499768,8.211362177558022e-05,6.368788145454889e-05,4.9100631938796384e-05,3.76264538066945e-05,2.866286927426123e-05,2.1706187016215633e-05,1.6341023378553174e-05,1.2230454061415377e-05,9.100246820158823e-06,6.731739536633835e-06,4.95147424810086e-06,3.6206122885484994e-06,2.632048899158429e-06,1.9026351515241725e-06,1.3674188736425065e-06,9.771128384323111e-07,6.941801648921101e-07,4.90277662380654e-07,3.4433190140121476e-07,2.405778798752364e-07,1.6698915014938027e-07,1.153086723840783e-07,7.916160779434346e-08,5.405528463388223e-08,3.66905251219298e-08,2.4751984663786323e-08,1.6606344847088124e-08,1.106029522594885e-08,7.339895467354982e-09,4.845280783349065e-09,3.1723680746057708e-09,2.069024843279557e-09,1.33789581417974e-09,8.59054183958806e-10,5.508921420378909e-10,3.473760672719229e-10,2.2319469293973777e-10,1.4083418452052367e-10,8.820206462775234e-11,5.454968251086725e-11,3.299486681316746e-11,2.0560160053799898e-11,1.2649072148240314e-11,9.083568505558548e-12,6.0780201193339486e-12,4.024546055709972e-12,3.1522448342635148e-12,2.543246727211181e-12,1.7969238120668829e-12,1.5546034223399237e-12,1.305703869750404e-12,1.2291947962147883e-12,1.1170286184262904e-12,9.995847297638254e-13,9.60037540409196e-13,8.09672899989864e-13,6.878473663909968e-13,6.714548128310792e-13,6.134547815981031e-13,5.996671067601934e-13,4.916079828665181e-13,4.4664546769637544e-13,4.132229057621121e-13,3.4071380686310527e-13,3.5189421460748493e-13,3.250878332214622e-13,3.011898387182017e-13
0.09080046341942397,0.0679619104170201,0.0497565531154712,0.04014122311009108,0.0328979465002118,0.022950917976223863,0.0155736048707372,0.012320433407947882,0.010449329983255078,0.00884212275904137,0.007095106897894475,0.005276967124089763,0.003769155424024221,0.002715996350720287,0.002012886015074606,0.0015320821041018224,0.001168017898960258,0.0008705786856654224,0.0006305830749965505,0.0004437542523414703,0.00030191173653471834,0.00019761392568948328,0.00012427248376432827,7.523044064710025e-05,4.40101339974146e-05,2.500159258921012e-05,1.3848149249144082e-05,7.50119219915486e-06,3.9868821881887775e-06,2.0850678908447247e-06,1.074324416044081e-06,5.452136386745296e-07,2.72264931154746e-07,1.334892323113333e-07,6.417658096145303e-08,3.019589337328782e-08,1.3836553260381859e-08,6.1770588216584226e-09,2.6600740776600064e-09,1.1154728548157888e-09,4.464736611265246e-10,1.7361895685842137e-10,6.526351665261203e-11,2.403519760423221e-11,7.92212713820684e-12,2.776801458073001e-12,9.491152944866056e-13,3.8280100029919146e-13,1.434701425893023e-13,9.815914723851929e-14,8.411065370447111e-14,5.550078148334062e-14,7.500249020481982e-14,7.034714330703083e-14,4.813886626935582e-14,4.724215142514348e-14,5.75935012441002e-14,4.7321356238579037e-14,5.369805425174364e-14,5.980566713600952e-14,5.3346506478419153e-14,4.009581731942143e-14,5.780824077880776e-14,5.0386740535839974e-14,5.0386740535839974e-14,5.0386740535839974e-14,5.160648122139341e-14,5.369805425174364e-14,4.985108798421657e-14,5.814972198245316e-14,5.166476854957907e-14,4.701479280185953e-14,4.5496407100919555e-14,4.936927943438703e-14,5.3881376857981496e-14,4.672553787792096e-14,6.244904104708926e-14,6.075893776792252e-14,5.3385028527699925e-14,2.0455880798280162e-14,2.796428538086532e-14,3.839029250512203e-14,3.613710771263549e-14,2.539008245169633e-14,3.711911951909889e-14,2.752391502284806e-14,2.3491710909982067e-14,2.9617995518876345e-14,2.889673492053959e-14,1.9495551215469132e-14,1.5756734516657267e-14,2.328303237412251e-14,2.328303237412251e-14,2.917012727484083e-14,3.760282139932377e-14,2.3464020541014132e-14,3.024641780556568e-14,1.8550830931172393e-14,3.6378061626658817e-14,3.161427912275314e-14
0.1027717626515951,0.057029422860315426,0.0407050117975804,0.028971217913754937,0.01955247730557956,0.012599379067080783,0.0072077753709105215,0.003741597414035734,0.0018126591373996718,0.0007837092082158245,0.00030836040813334156,0.00012468539365631493,6.0547674207464835e-05,3.661029436239144e-05,2.489605178735438e-05,1.7402042254043706e-05,1.2165747372995268e-05,8.333924423643878e-06,5.645257542885473e-06,3.8054281413863524e-06,2.5374988600196244e-06,1.665365811108427e-06,1.076405480628086e-06,6.85802847039322e-07,4.3043343080334434e-07,2.6666544637940696e-07,1.6275174798813501e-07,9.784529849423517e-08,5.792980484779699e-08,3.380380920786034e-08,1.9422490983020094e-08,1.0992881155320739e-08,6.124652878771581e-09,3.348084999197729e-09,1.8014854173665016e-09,9.52741905736204e-10,4.928062469778544e-10,2.507383363603262e-10,1.2298291291055892e-10,6.158978191761586e-11,3.131707680550051e-11,1.518764960339161e-11,6.901837053370045e-12,3.657608586407341e-12,2.2609312893451953e-12,1.7401907099433268e-12,1.3237435029803002e-12,9.737219896579298e-13,7.732540818542445e-13,4.1971759629200976e-13,4.123925330182161e-13,2.637568458961727e-13,2.4971647245670826e-13,2.282698681627699e-13,2.1669552362402861e-13,2.326007607395113e-13,2.1548573576502972e-13,2.0965414938758988e-13,2.0685201014543205e-13,2.1607728370403232e-13,2.1607728370403232e-13,2.0685201014543205e-13,2.0685201014543205e-13,2.0965414938758988e-13,2.11151367854292e-13,2.1607728370403232e-13,2.0685201014543205e-13,2.11151367854292e-13,2.1607728370403232e-13,2.1548573576502972e-13,2.0685201014543205e-13,2.11151367854292e-13,2.1607728370403232e-13,2.11151367854292e-13,2.0685201014543205e-13,2.0685201014543205e-13,2.1607728370403232e-13,1.9847817779960042e-13,2.0685201014543205e-13,2.0522241883218837e-13,1.8564498843737343e-13,1.8727086869578874e-13,1.8270826851759228e-13,1.8564498843737343e-13,1.869592536356355e-13,1.4950073250119947e-13,1.249364385832597e-13,1.4012690461851568e-13,1.3809318629096453e-13,1.2155161543893772e-13,8.024241633032794e-14,8.440976707531076e-14,8.24729078776584e-14,7.35936474748805e-14,6.896513076590351e-14,7.617231050897283e-14,7.178004107949479e-14,6.21509222724279e-14,6.65129508819922e-14,6.983888787395895e-14
0.07461600278594246,0.0653234375952833,0.057941594345150185,0.04705588095130589,0.034450713367563834,0.02451309975906751,0.01932567776849307,0.01526710624238968,0.011285887093667013,0.008505840738099929,0.0065882093227116745,0.004941663399505364,0.0035885876090645495,0.002600749109576967,0.0019079774487161803,0.0014164207946117376,0.0010379422066863952,0.000733582765976643,0.0005006593714826532,0.00033338327233939407,0.00021838816029435954,0.00014143173956701052,9.039898156001351e-05,5.682997436921045e-05,3.5130423922646014e-05,2.136350203298039e-05,1.2782343043045387e-05,7.521779404436118e-06,4.348403919500874e-06,2.470446584768699e-06,1.3805993884668556e-06,7.59336805591806e-07,4.110295329108018e-07,2.1871855323587576e-07,1.1417803208644612e-07,5.849010260904998e-08,2.9354089320303697e-08,1.444280318070915e-08,6.9791293220873385e-09,3.2844910946523307e-09,1.509438253933322e-09,6.837350425177978e-10,3.0056905255868096e-10,1.2980035153847675e-10,5.487176745572857e-11,2.1997846927002787e-11,8.836254391334974e-12,4.392258377861966e-12,2.233834292665578e-12,1.827200774141916e-12,1.7877167413902483e-12,1.738852522420361e-12,1.6888672346454143e-12,1.5815500695133495e-12,1.5815500695133495e-12,1.5590190864686807e-12,1.6278212909931187e-12,1.5399254182340504e-12,1.5399254182340504e-12,1.5399254182340504e-12,1.5399254182340504e-12,1.5399254182340504e-12,1.5399254182340504e-12,1.5399254182340504e-12,1.5399254182340504e-12,1.5399254182340504e-12,1.5399254182340504e-12,1.5399254182340504e-12,1.5399254182340504e-12,1.5399254182340504e-12,1.5399254182340504e-12,1.5399254182340504e-12,1.5399254182340504e-12,1.5399254182340504e-12,1.5399254182340504e-12,1.5399254182340504e-12,1.5399254182340504e-12,1.5399254182340504e-12,1.5399254182340504e-12,1.5399254182340504e-12,1.5399254182340504e-12,1.5399254182340504e-12,1.5399254182340504e-12,1.5399254182340504e-12,1.5399254182340504e-12,1.5399254182340504e-12,1.5399254182340504e-12,1.5399254182340504e-12,1.6333335106875615e-12,1.6333335106875615e-12,1.5563948759071e-12,1.5183286099002498e-12,1.4809214891040243e-12,1.402145569768992e-12,1.4424161249760263e-12,1.474869924323704e-12,1.4062937688781803e-12,1.24279787538241e-12,1.3010316866632724e-12,1.1535877311815203e-12
0.03280076210721339,0.02420045692669259,0.012330799149430041,0.0048654884390073915,0.0028208059661960134,0.0019255800215622282,0.0008221801261484307,0.00030305666690359003,0.00020088325016500333,0.00012497418759262205,7.981549890951653e-05,4.738020628709989e-05,2.473685409945197e-05,1.3249899120433036e-05,7.513896361384159e-06,4.4331081230630174e-06,2.3905178579441716e-06,1.2023346709438233e-06,6.134992995497432e-07,3.134008040648863e-07,1.524179500682697e-07,6.947871827775738e-08,3.081649897653678e-08,1.3340410397657607e-08,5.462066797368045e-09,2.0842743672244328e-09,7.633829435101069e-10,2.671342184685589e-10,8.410382597310657e-11,2.3962058571661803e-11,6.873890247122853e-12,1.8860056349584886e-12,5.502064024309065e-13,3.992945413523192e-13,4.0316637925341735e-13,3.7985359454592884e-13,3.730165097604994e-13,3.7648708473534553e-13,3.7985359454592884e-13,3.438661602483732e-13,3.7648708473534553e-13,3.7648708473534553e-13,3.7648708473534553e-13,3.7648708473534553e-13,3.438661602483732e-13,3.7648708473534553e-13,3.7648708473534553e-13,3.750262719415854e-13,3.750262719415854e-13,3.750262719415854e-13,3.750262719415854e-13,3.750262719415854e-13,3.750262719415854e-13,3.750262719415854e-13,3.750262719415854e-13,3.750262719415854e-13,3.0988037007549296e-13,3.5111395647361485e-13,2.947759137989112e-13,3.4231388146868916e-13,3.060954966434254e-13,2.6432886334569695e-13,2.3837593386487777e-13,2.3252614914090323e-13,2.305084761750156e-13,2.315386250392338e-13,2.315386250392338e-13,2.4173457886204917e-13,2.401768445879972e-13,2.401768445879972e-13,2.401768445879972e-13,1.8926478765499204e-13,2.0361787303580658e-13,2.1377412308919195e-13,2.1377412308919195e-13,2.1377412308919195e-13,2.106819146547723e-13,2.1377412308919195e-13,2.1377412308919195e-13,2.106819146547723e-13,2.1377412308919195e-13,2.1377412308919195e-13,2.106819146547723e-13,2.1377412308919195e-13,2.1377412308919195e-13,2.1377412308919195e-13,2.1377412308919195e-13,2.106819146547723e-13,2.1377412308919195e-13,2.1377412308919195e-13,2.1377412308919195e-13,2.1377412308919195e-13,2.2977979552173887e-13,1.884108773097493e-13,1.9605271101543106e-13,1.923181378838561e-13,1.6279622041883175e-13,1.504632605083943e-13,1.5069338892445262e-13,1.4792954711895206e-13
0.0807098695305383,0.01646774079532657,0.0007724618051899342,0.0014801294062182023,0.0020630547285277632,0.0017773634198608977,0.0013433626631196868,0.0010364757475568196,0.000771836621088146,0.0005894754219718674,0.0004781597391830131,0.0003900162010173444,0.0003207283951605306,0.00027219095349010334,0.00023746013791665408,0.00021263486403687022,0.00019214298830897694,0.00017463777076143095,0.00015933524148620238,0.0001458699030043389,0.00013369165404084038,0.0001225553979341753,0.00011225943876214995,0.00010275611725503422,9.397491871116798e-05,8.585254591125429e-05,7.834032195168321e-05,7.140549600869474e-05,6.501617033066518e-05,5.913593815036646e-05,5.373269486424857e-05,4.877830073263604e-05,4.423568659800236e-05,4.007825973247061e-05,3.6278137712603766e-05,3.2807895823401203e-05,2.964264110663452e-05,2.6758091192298986e-05,2.4131500575434958e-05,2.174394457688089e-05,1.957456491394096e-05,1.7606271538334305e-05,1.5820588096870685e-05,1.4202808639933049e-05,1.2737896013529172e-05,1.14137912894767e-05,1.0217528237449036e-05,9.138653260617182e-06,8.165510380208312e-06,7.2889236611274835e-06,6.499618132585833e-06,5.790053908119367e-06,5.153458039173168e-06,4.58211088713503e-06,4.0695245596550415e-06,3.610623249585202e-06,3.2003438177587854e-06,2.833855056676083e-06,2.506157482765367e-06,2.2142086699072433e-06,1.953751272457642e-06,1.7226575107570305e-06,1.5170805024972865e-06,1.334311744748879e-06,1.1723362835246626e-06,1.0287207966720925e-06,9.017611953942874e-07,7.894406554547747e-07,6.905170253436724e-07,6.03076965913766e-07,5.260374230520921e-07,4.5831931753941515e-07,3.9891820610827943e-07,3.468774304217729e-07,3.0121574489027156e-07,2.61104278521273e-07,2.260918358229691e-07,1.9553216729760884e-07,1.688216054560268e-07,1.4562669207001975e-07,1.2544471051933822e-07,1.0797752985511086e-07,9.281776991217968e-08,7.96568793043612e-08,6.824963798649353e-08,5.841045908116109e-08,4.9913686636260695e-08,4.260127004543312e-08,3.62900462440307e-08,3.087384191944523e-08,2.623567462679536e-08,2.225490487606382e-08,1.8857492017175607e-08,1.5950624856138096e-08,1.3502911192509871e-08,1.1397207367376125e-08,9.609902481579316e-09,8.087682513168107e-09,6.798100135589406e-09,5.705898390946162e-09
0.0805266688274152,0.03599674798005815,0.025505746275823984,0.024839546473724636,0.020046914322882272,0.015740053349888976,0.012635181081213746,0.009866998927461729,0.0077929280849015825,0.006099780526780812,0.004707937595731426,0.0036495198233744536,0.0028306753574276642,0.002201901911817232,0.0017271316599548419,0.0013681477735404896,0.0010964457477780928,0.0008867765510367889,0.0007233555335456567,0.000594238796924867,0.0004901560914499931,0.0004050145744822463,0.00033480394129447607,0.0002766665310592664,0.0002283439009414958,0.00018812532382783172,0.00015464681363782507,0.0001268069687433093,0.00010369986245531306,8.457220762812046e-05,6.877649194298279e-05,5.577169472267159e-05,4.509538362535504e-05,3.635459929337862e-05,2.9222756969561993e-05,2.3418874513330554e-05,1.8711449543442094e-05,1.4903694144822056e-05,1.1833834410614071e-05,9.366476191274704e-06,7.389827785654116e-06,5.810860481892214e-06,4.554341525722583e-06,3.557845920091624e-06,2.769940213312798e-06,2.148786473311986e-06,1.6612800323636408e-06,1.2797156365283073e-06,9.824628509344135e-07,7.513076318887978e-07,5.725636343335423e-07,4.3468936221986646e-07,3.288339212936687e-07,2.4779373898081537e-07,1.8598731954880946e-07,1.391034812491686e-07,1.0362915699867772e-07,7.693350179238105e-08,5.6829991277548226e-08,4.184428509260335e-08,3.067573066082485e-08,2.2416868285800116e-08,1.6294767523333728e-08,1.1802344323789428e-08,8.52781679028905e-09,6.128394103672293e-09,4.389167634811062e-09,3.131319112257934e-09,2.231456100271259e-09,1.5812353434459446e-09,1.1159656173702077e-09,7.88919808041154e-10,5.533044031647692e-10,3.9385780542741096e-10,2.747087378556616e-10,1.8672607921530105e-10,1.2834405718826657e-10,8.824168946522604e-11,6.227941132155211e-11,4.219226474531223e-11,2.991975326989889e-11,2.173422649107762e-11,1.6139053260061495e-11,1.2320220610098189e-11,9.601842102494156e-12,7.352616409871603e-12,6.501343595835704e-12,5.239764584546016e-12,4.725346499163208e-12,3.952837869959058e-12,3.7030375697022036e-12,3.1751511586373514e-12,2.619128548239077e-12,2.42779882693514e-12,2.2857835596967184e-12,1.9992893918358595e-12,1.812776264206675e-12,1.6392255284081115e-12,1.5983948078005108e-12,1.4852399064190457e-12
0.11222282490223782,0.08624427882168663,0.05316314050150695,0.023818378845769105,0.009378799683667173,0.004007359688389642,0.0013304935025551263,0.0004775630069374542,0.00027255199052490076,0.00016884826019115986,9.903310581087552e-05,6.856663874718178e-05,5.523678723522906e-05,3.8487430590961405e-05,2.7819194745310456e-05,2.09261099670693e-05,1.4899712629447771e-05,1.015600623140717e-05,7.020222258568331e-06,4.824110778496599e-06,3.2408635185254185e-06,2.1807638605279e-06,1.4522226415566587e-06,9.525905627679525e-07,6.199026469651368e-07,3.9885052712597784e-07,2.5296399302915666e-07,1.5856973071381642e-07,9.820605449563998e-08,6.001824330194571e-08,3.6249905901076875e-08,2.162260111034729e-08,1.273004232760548e-08,7.387639801715281e-09,4.212156841683029e-09,2.3877076860604275e-09,1.3240166497371337e-09,7.333611843455474e-10,3.89002612105446e-10,2.1327106243827305e-10,1.0823497473133513e-10,5.937704403796272e-11,3.00757303098368e-11,1.478652117146633e-11,7.48061925689602e-12,4.457943326400259e-12,3.278476795434338e-12,1.712845840036803e-12,1.2881702604916017e-12,9.648097926503127e-13,6.187762975485612e-13,5.241156159027019e-13,5.329227981030076e-13,3.4672219115116307e-13,2.3100834435401824e-13,2.4852458358758036e-13,2.4246043480272196e-13,2.567773126517841e-13,2.414669295201705e-13,2.2871009496855503e-13,2.0667795934050582e-13,2.345328651996052e-13,1.8343772346651637e-13,1.1027983070995923e-13,1.713631590646632e-13,1.4707216226110327e-13,1.397570452601122e-13,1.2364967217893566e-13,1.0971431067481104e-13,1.424793931284447e-13,1.2198917580982024e-13,9.275061416733028e-14,1.890072341848385e-13,1.0757363652424576e-13,9.864693878902813e-14,1.1667887666669628e-13,1.181359510921242e-13,9.421783702188512e-14,1.2411357319660004e-13,1.3998029695647024e-13,1.3075945864932464e-13,1.266990356718712e-13,1.313166642785457e-13,9.519253440437267e-14,9.876257636226202e-14,1.2916957599745714e-13,1.3665593179957329e-13,1.7052757776793643e-13,1.3603988200072174e-13,9.999438238694822e-14,9.658837262423788e-14,1.1348928254980561e-13,1.3696032085143196e-13,1.3922498137201937e-13,1.1716116113158252e-13,1.0381116802353168e-13,8.815607347188001e-14,1.0050052293095203e-13,1.3773082256533938e-13,9.934006748758395e-14
0.07061627736276713,0.044325672751621116,0.02432244652929956,0.012272237162728645,0.005196099436840407,0.0026006458841054338,0.0014809781469494812,0.0009415388700679487,0.0006412175041767486,0.00034697540451447917,0.00018668461302412352,9.786096266635047e-05,5.2590126952393676e-05,2.69489287038785e-05,1.3269186056790984e-05,5.985727977266702e-06,2.6963419946054215e-06,1.196494054328339e-06,5.345055186857753e-07,2.420445731100501e-07,1.1293589395477204e-07,5.547712786237386e-08,2.81795906140869e-08,1.4739815481169932e-08,7.856249684429056e-09,4.176969083593991e-09,2.1628760473526004e-09,1.083454074919842e-09,5.245144860122557e-10,2.425883206414621e-10,1.0584805672077277e-10,4.428741241146713e-11,1.9098523758805987e-11,7.37777363658523e-12,2.7574139252337475e-12,1.5530033810763364e-12,8.061826618730662e-13,6.569556775164018e-13,6.390631154062674e-13,5.989083840254167e-13,5.905620980149017e-13,5.93176767403804e-13,6.098875074609896e-13,6.033006090286784e-13,5.45293902421689e-13,5.829957096347479e-13,5.771821831304995e-13,5.825949259719799e-13,5.61710931408899e-13,5.695932144087259e-13,5.573295197043426e-13,4.981499957408244e-13,4.893228577950057e-13,5.06978022515372e-13,4.703788704763294e-13,5.02612158163428e-13,4.522237320601473e-13,4.59048719039605e-13,4.267509178292323e-13,3.92544121090304e-13,4.055647046468846e-13,4.193858024552897e-13,3.8852439044583063e-13,4.0108169367626315e-13,3.6534976910725193e-13,4.102736009113508e-13,3.829705659008803e-13,3.7936298679285006e-13,3.784015259346723e-13,4.028502337548277e-13,3.886073252449501e-13,3.949255510087399e-13,3.9442869871701583e-13,3.902959053438107e-13,3.9535284524104e-13,3.9410490214021276e-13,3.6712778698818786e-13,3.4925460506302403e-13,3.470889761240751e-13,3.078956401664529e-13,3.306824792735714e-13,3.3291137364680853e-13,3.5804425529680545e-13,3.337309388334597e-13,3.182516668794822e-13,3.0149782196329343e-13,2.7172808868762194e-13,2.6575588088970965e-13,2.299252460615048e-13,2.4331514793005796e-13,2.5107162926237747e-13,2.387701219285854e-13,2.4702682369311703e-13,1.8850519812757773e-13,2.0352015548351078e-13,1.7834810901609342e-13,1.641294089220881e-13,1.77561564662774e-13,1.3404640119578024e-13,1.64179373972896e-13
0.0432530906732265,0.018346621317007348,0.014095415913453369,0.008718800852964085,0.0057460233380643485,0.0043682275383421275,0.003627034568034114,0.0031245059844563546,0.0023437077598161054,0.0016555632998294797,0.001222688066366205,0.0009150869918535615,0.0006700090407453467,0.0004866978185290789,0.00035226170991599576,0.0002538750675719037,0.00018144656758366248,0.00012757680769181958,8.85892662673959e-05,6.098068270387127e-05,4.144441835291417e-05,2.7827775368384508e-05,1.848977015777781e-05,1.2132175104328944e-05,7.863744637868567e-06,5.03785306024191e-06,3.188271849685921e-06,1.992709831974446e-06,1.230057039943542e-06,7.495289013726791e-07,4.506651347305377e-07,2.6742613176899686e-07,1.5654383733536554e-07,9.030028197590423e-08,5.138101164397955e-08,2.880341989491006e-08,1.5913893828857763e-08,8.688206931051217e-09,4.646451652693066e-09,2.457495289956585e-09,1.2727588378936301e-09,6.53049192870135e-10,3.249573984326789e-10,1.6399004035984026e-10,7.939537051742402e-11,3.620310232558655e-11,1.878174131502455e-11,8.024481332762337e-12,4.266708192140577e-12,2.7351175813235878e-12,1.4241961311975646e-12,1.1468210753129182e-12,1.157927935553756e-12,9.537372817858603e-13,9.214091472403857e-13,8.981798019353513e-13,9.39299176118166e-13,8.555540008846082e-13,8.80489925394525e-13,8.825703413135115e-13,8.52298845909711e-13,8.52298845909711e-13,8.716995542968282e-13,8.716995542968282e-13,8.716995542968282e-13,8.52298845909711e-13,8.716995542968282e-13,8.716995542968282e-13,8.716995542968282e-13,8.716995542968282e-13,8.716995542968282e-13,8.716995542968282e-13,8.716995542968282e-13,8.716995542968282e-13,8.716995542968282e-13,8.716995542968282e-13,8.437206341255456e-13,7.498787098128002e-13,6.374867671844984e-13,6.256504452399796e-13,6.291253735737455e-13,5.821745387556973e-13,6.737541999422637e-13,6.956917169757358e-13,6.090300221883774e-13,6.386800045201521e-13,6.394529654751078e-13,5.862331426504871e-13,5.817762622095371e-13,4.845976716973005e-13,4.693490036012907e-13,4.568626421032694e-13,4.799625160201836e-13,4.448199732514776e-13,4.278431977082583e-13,4.448199732514776e-13,4.448199732514776e-13,4.448199732514776e-13,4.448199732514776e-13,4.3745110050224656e-13
